-- phpMyAdmin SQL Dump
-- version 3.2.4
-- http://www.phpmyadmin.net
--
-- Host: localhost
-- Waktu pembuatan: 19. Oktober 2015 jam 21:22
-- Versi Server: 5.1.41
-- Versi PHP: 5.3.1

SET SQL_MODE="NO_AUTO_VALUE_ON_ZERO";


/*!40101 SET @OLD_CHARACTER_SET_CLIENT=@@CHARACTER_SET_CLIENT */;
/*!40101 SET @OLD_CHARACTER_SET_RESULTS=@@CHARACTER_SET_RESULTS */;
/*!40101 SET @OLD_COLLATION_CONNECTION=@@COLLATION_CONNECTION */;
/*!40101 SET NAMES utf8 */;

--
-- Database: `dbkpri`
--

-- --------------------------------------------------------

--
-- Struktur dari tabel `anggota`
--

CREATE TABLE IF NOT EXISTS `anggota` (
  `id_userkoperasi` int(11) NOT NULL AUTO_INCREMENT,
  `nama` varchar(100) DEFAULT NULL,
  `nip` varchar(100) DEFAULT NULL,
  `no_anggota` varchar(100) NOT NULL,
  `unit` varchar(100) DEFAULT NULL,
  `status_anggota` int(11) DEFAULT NULL,
  `tgl_bergabung` varchar(100) DEFAULT NULL,
  PRIMARY KEY (`id_userkoperasi`),
  UNIQUE KEY `no_anggota` (`no_anggota`)
) ENGINE=InnoDB  DEFAULT CHARSET=latin1 AUTO_INCREMENT=272 ;

--
-- Dumping data untuk tabel `anggota`
--

INSERT INTO `anggota` (`id_userkoperasi`, `nama`, `nip`, `no_anggota`, `unit`, `status_anggota`, `tgl_bergabung`) VALUES
(1, 'KARSONI', '196605032007011001', '1', 'Januari 2009', NULL, NULL),
(2, 'DWIE WAHYU H', '196712102007012001', '2', 'Januari 2013', NULL, NULL),
(3, 'JOKO SANTOSO', '197103122001121003', '3', 'Januari 2009', NULL, NULL),
(4, 'ELFA SUGIANTO', '197712122007101001', '4', 'Maret 2002', NULL, NULL),
(5, 'A  N  I  K', '197209292007012001', '5', 'Maret 2002', NULL, NULL),
(6, 'DZIKRUL HAKIM', '196807152007011003', '6', 'Maret 2002', NULL, NULL),
(7, 'TOTOK MUJIONO', '196504221989031001', '7', 'Oktober 2004', NULL, NULL),
(8, 'DRS. FUAD CHOLISI', '195203181986011001', '8', 'Oktober 2004', NULL, NULL),
(9, 'MARLEJAN', '196309081987011001', '9', 'Oktober 2004', NULL, NULL),
(10, 'IRNANINGSIH', '196810132002122001', '10', 'Oktober 2004', NULL, NULL),
(11, 'ENDANG SRI PALUPI', '196405162006042001', '11', 'Oktober 2004', NULL, NULL),
(12, 'THOLIB', '196207051990310001', '12', 'Oktober 2004', NULL, NULL),
(13, 'TRI WAHYUDI', '197308282007011001', '13', 'Oktober 2004', NULL, NULL),
(14, 'ONGKOWIIJONO', '196105251988031002', '14', 'Oktober 2004', NULL, NULL),
(15, 'YUDHO AGUNG P', '198202142009101001', '15', 'Oktober 2004', NULL, NULL),
(16, 'RR. TRI ASTUTI S.', '197511122007012003', '16', 'Oktober 2004', NULL, NULL),
(17, 'HERU SETIAWAN', '196210191993031001', '17', 'Januari 2008', NULL, NULL),
(18, 'MARDIANAH', '195811171986022001', '18', 'Januari 2013', NULL, NULL),
(19, 'SUPARDI', '196907112007011002', '19', 'Maret 2002', NULL, NULL),
(20, 'AGUS SETYAWAN', '196508191990031004', '20', 'Maret 2002', NULL, NULL),
(21, 'CHRISTIN RISBANDINI', '197510101999032002', '21', 'Maret 2002', NULL, NULL),
(22, 'ACHMAD YUNUS', '197207232006041008', '22', 'Oktober 2004', NULL, NULL),
(23, 'DEWI HIDAYATI', '196911211998022001', '23', 'Oktober 2004', NULL, NULL),
(24, 'MOCH. EFENDI', '196605132007011001', '24', 'Oktober 2004', NULL, NULL),
(25, 'MARTONO', '197212052007011002', '25', 'Oktober 2004', NULL, NULL),
(26, 'FIRMAN HAWARI', '197202011999031001', '26', 'Maret 2002', NULL, NULL),
(27, 'HERY SUSANTO', '196309131985031002', '27', 'Maret 2002', NULL, NULL),
(28, 'DYAH HIDAYATI', '196112271988032001', '28', 'Maret 2002', NULL, NULL),
(29, 'IFA NURAISYAH A.MD', '198405112008012005', '29', 'Oktober 2004', NULL, NULL),
(30, 'JAROT PRIYONGGO', '196602131999031001', '30', 'Maret 2002', NULL, NULL),
(31, 'ANIS WULANDARI', '197608202008102001', '31', 'Oktober 2004', NULL, NULL),
(32, 'UMAR', '196301122007011001', '32', 'Maret 2002', NULL, NULL),
(33, 'PRASETYONO', '198402102009101003', '33', 'Maret 2002', NULL, NULL),
(34, 'SYARBINI', '196603042007011001', '34', 'Maret 2002', NULL, NULL),
(35, 'MARIYADI', '196201191987011001', '35', 'Oktober 2004', NULL, NULL),
(36, 'RETNOWATI D', '197309212008102001', '36', 'Oktober 2004', NULL, NULL),
(37, 'ABDUL ALIM', '197504162009101002', '37', 'Oktober 2004', NULL, NULL),
(38, 'CATUR PUJIASTUTI', '197309102008102001', '38', 'Oktober 2004', NULL, NULL),
(39, 'ELI SUTRISNO', '198202282009101001', '39', 'Januari 2008', NULL, NULL),
(40, 'DR. IR. BAMBANG  S. MT', '196509191990031003', '40', 'Januari 2008', NULL, NULL),
(41, 'SUPRIYO', '196605102007011001', '41', 'Oktober 2004', NULL, NULL),
(42, 'ELFA SUGIANTO', '197712122007101001', '42', 'Januari 2008', NULL, NULL),
(43, 'MOCH ROFIQ', '197111142007101001', '43', 'Januari 2008', NULL, NULL),
(44, 'NANIK SUSIANI', '195906111981032002', '44', 'Januari 2004', NULL, NULL),
(45, 'NASRULLOH', '198209162009101002', '45', 'Oktober 2004', NULL, NULL),
(46, 'UMI SAROH', '196402021986032003', '46', 'Januari 2009', NULL, NULL),
(47, 'WASILAH', '196003071981032002', '47', 'Januari 2011', NULL, NULL),
(48, 'SAYID MIFTHA', '''197609072007011001', '48', 'Januari 2011', NULL, NULL),
(49, 'LILA YUWANA', '197509082000031001', '49', 'Januari 2013', NULL, NULL),
(50, 'DR YENI RAHMAWATI', '197610202005012001', '50', 'Januari 2014', NULL, NULL),
(51, 'SURACHMAN', '195910221981031003', '51', 'Januari 2013', NULL, NULL),
(52, 'SUCIPTO', '197004172007011002', '52', 'Maret 2002', NULL, NULL),
(53, 'SUTJI JANUARI WI.SE', '196901022007012001', '53', 'Maret 2002', NULL, NULL),
(54, 'AMANDA PUTRI WIDHESI', '198601302008122001', '54', 'Oktober 2004', NULL, NULL),
(55, 'HERMANTO', '197801072008101001', '55', 'Oktober 2004', NULL, NULL),
(56, 'SRIAJI', '196508052007011002', '56', 'Maret 2002', NULL, NULL),
(57, 'SUYADI', '196705161987011001', '57', 'Maret 2002', NULL, NULL),
(58, 'SUPRIADI', '196411271987011001', '58', 'Maret 2002', NULL, NULL),
(59, 'EDY SANTOSO', '196201071981031002', '59', 'Oktober 2004', NULL, NULL),
(60, 'AGUS SANTOSO', '196012301981031003', '60', 'Oktober 2004', NULL, NULL),
(61, 'M SUUD', '196405251989031002', '61', 'Oktober 2004', NULL, NULL),
(62, 'DRA CAROLINA E.P', '196304241994032002', '62', 'Oktober 2004', NULL, NULL),
(63, 'AGUS SUGIO PRANOTO', '196708141990111002', '63', 'Oktober 2004', NULL, NULL),
(64, 'DRS IIS HERISMAN', '196010021989031002', '64', 'Maret 2002', NULL, NULL),
(65, 'DJOKO PRIATIN', '1972010120021221003', '65', 'Januari 2006', NULL, NULL),
(66, 'ARYA YUDHI W', '198409042010121002', '66', 'Januari 2006', NULL, NULL),
(67, 'ANWAR', '196402101987011001', '67', 'Januari 2006', NULL, NULL),
(68, 'NINA DARMAYANTI', '197101172000122001', '68', 'Januari 2007', NULL, NULL),
(69, 'DRS NGARBI', '196501151987021001', '69', 'Januari 2008', NULL, NULL),
(70, 'NR WASPODO', '196511011987091001', '70', 'Januari 2008', NULL, NULL),
(71, 'SHOLEH', '131753587', '71', 'Oktober 2004', NULL, NULL),
(72, 'CAHYA PURNAMA DANI', '197011062007011001', '72', 'Maret 2002', NULL, NULL),
(73, 'WIWIN ROCHMAWATI', '198107022003122002', '73', 'Maret 2002', NULL, NULL),
(74, 'EKO ANDRI W', '197412021999031001', '74', 'Maret 2002', NULL, NULL),
(75, 'SUGENG', '196406052007011001', '75', 'Maret 2002', NULL, NULL),
(76, 'TUTUG D', '195206131981031004', '76', 'Maret 2002', NULL, NULL),
(77, 'BAMBANG PUJIADI', '195911241986031001', '77', 'Maret 2002', NULL, NULL),
(78, 'WIYONO', '196703162009101001', '78', 'Maret 2002', NULL, NULL),
(79, 'SOLEHA', '198301072006042001', '79', 'Maret 2002', NULL, NULL),
(80, 'WAWAN PRAWONO', '198202182009101001', '80', 'Maret 2002', NULL, NULL),
(81, 'NURUL HUDAH', '196504221986032001', '81', 'Maret 2002', NULL, NULL),
(82, 'PAMBOEDI R', '196101222006041001', '82', 'Maret 2002', NULL, NULL),
(83, 'DANUN AL BAGIO', '196205131981031001', '83', 'Maret 2002', NULL, NULL),
(84, 'SISWO DJOKO', '196005191981031003', '84', 'Maret 2002', NULL, NULL),
(85, 'HERI IMAN SUTRISNO', '196912251990021001', '85', 'Maret 2002', NULL, NULL),
(86, 'WIWIK NURSIA', '197205091995122001', '86', 'Maret 2002', NULL, NULL),
(87, 'KHUSNUL KHOTIMAH', '197302052007012002', '87', 'Maret 2002', NULL, NULL),
(88, 'TEGUH INDRASTO', '196208171982031006', '88', 'Oktober 2004', NULL, NULL),
(89, 'HARI KRISTIONO', '197605282007011001', '89', 'Oktober 2004', NULL, NULL),
(90, 'SUGENG DJOKO SKH', '197107242007101001', '90', 'Maret 2002', NULL, NULL),
(91, 'KUSUMA DEWI', '198312252006042001', '91', 'Januari 2008', NULL, NULL),
(92, 'RATNA LINDA P', '197904032009102002', '92', 'Maret 2002', NULL, NULL),
(93, 'ABAS', '196401051987021001', '93', 'Januari 2008', NULL, NULL),
(94, 'KAMIN', '196001021981031006', '94', 'Januari 2008', NULL, NULL),
(95, 'WARLINDA EKA T', '198303082010122007', '95', 'Januari 2008', NULL, NULL),
(96, 'TOTOK SETIAWAN', '197206032009101003', '96', 'Januari 2009', NULL, NULL),
(97, 'SUTARI', '196202121985121001', '97', 'Maret 2002', NULL, NULL),
(98, 'VIKTOR HARIADI', '197206032009102002', '98', 'Januari 2008', NULL, NULL),
(99, 'UTOMO', '196705111985121001', '99', 'Maret 2002', NULL, NULL),
(100, 'SUHDIONO', '196112311982031030', '100', 'Maret 2002', NULL, NULL),
(101, 'AGUS NURWAHYUDI', '196012101983031006', '101', 'Maret 2002', NULL, NULL),
(102, 'SUHUD SE', '196508281993031001', '102', 'Oktober 2004', NULL, NULL),
(103, 'INDAH SUGIARTININGSIH', '195801081981032001', '103', 'Maret 2002', NULL, NULL),
(104, 'ISMI AZIZAH', '197706192008102001', '104', 'Maret 2002', NULL, NULL),
(105, 'BAMBANG PRIAMBODO', '196612221987021001', '105', 'Maret 2002', NULL, NULL),
(106, 'DJUMARI', '196805052007011001', '106', 'Oktober 2004', NULL, NULL),
(107, 'EKO SULISTIONO', '197006182001121002', '107', 'Maret 2002', NULL, NULL),
(108, 'INDAH RIA S', '195809201981032002', '108', 'Maret 2002', NULL, NULL),
(109, 'DRS GONTJANG P.MSI', '196601021990031001', '109', 'Januari 2011', NULL, NULL),
(110, 'ZAHROTUL ISTIQOMAH', '197901052005012001', '110', 'Januari 2010', NULL, NULL),
(111, 'IR ESTUTIE MAULANIE', '195305311985022001', '111', 'Januari 2009', NULL, NULL),
(112, 'KAMSUN', '197209212007011002', '112', 'Maret 2002', NULL, NULL),
(113, 'DDIK TJATUR IRIANTO', '196201151981031001', '113', 'Maret 2002', NULL, NULL),
(114, 'SRI MURJANI', '195809271994032001', '114', 'Oktober 2004', NULL, NULL),
(115, 'SANTI ANDAYANI', '197805162008102001', '115', 'Maret 2002', NULL, NULL),
(116, 'NUR AINI', '196010301981032001', '116', 'Maret 2002', NULL, NULL),
(117, 'ACHMAD ARIFIN', '197411242007011003', '117', 'Maret 2002', NULL, NULL),
(118, 'INDAH PURWATI', '197612112007012002', '118', 'Maret 2002', NULL, NULL),
(119, 'DIDIT ARDIAT', '197009301995121001', '119', 'Oktober 2004', NULL, NULL),
(120, 'SITI AMINAH', '197802092009102001', '120', 'Maret 2002', NULL, NULL),
(121, 'ROCHMAT', '130911626', '121', 'Maret 2002', NULL, NULL),
(122, 'POEDJIANTO', '196509241987011001', '122', 'Maret 2002', NULL, NULL),
(123, 'TRI BUDI UTAMA', '196304171990031002', '123', 'Maret 2002', NULL, NULL),
(124, 'NOOR CHODIJAH MOERAD', '196309261990032001', '124', 'Maret 2002', NULL, NULL),
(125, 'BAYU SUDIYONO', '197004212008101001', '125', 'Oktober 2004', NULL, NULL),
(126, 'BUDI PRAYITNO', '197504182009101003', '126', 'Oktober 2004', NULL, NULL),
(127, 'TARIP', '196112061981031001', '127', 'Oktober 2004', NULL, NULL),
(128, 'ISA ARIFIN', '196509131986031003', '128', 'Oktober 2004', NULL, NULL),
(129, 'EDY SUPRAYITNO', '196804271992031001', '129', 'Oktober 2004', NULL, NULL),
(130, 'ASTUTIK NUR QOMARIYAH', '198409152009122004', '130', 'Oktober 2004', NULL, NULL),
(131, 'WARNOTO', '196301081981031001', '131', 'Oktober 2004', NULL, NULL),
(132, 'ARIYANTO', '196911021999031001', '132', 'Oktober 2004', NULL, NULL),
(133, 'DIDIK KHUSNUL ARIF', '197309301997021001', '133', 'Oktober 2004', NULL, NULL),
(134, 'CUCUK WALUYO', '196305101986031006', '134', 'Januari 2006', NULL, NULL),
(135, 'SUDARMI SE', '196107041981032001', '135', 'Januari 2007', NULL, NULL),
(136, 'DEWI PUSPITA SARI', '197810302001122001', '136', 'Januari 2008', NULL, NULL),
(137, 'MOCH SHOLEH', '196110251981031002', '137', 'Oktober 2004', NULL, NULL),
(138, 'AGUS DWI P', '197307162002121001', '138', 'Januari 2008', NULL, NULL),
(139, 'KAMUDJI', '196509042007011001', '139', 'Januari 2014', NULL, NULL),
(140, 'ASNAWI', '195807061983121001', '140', 'Oktober 2004', NULL, NULL),
(141, 'KASRIPIN', '195906051987011001', '141', 'Januari 2008', NULL, NULL),
(142, 'SITI SARININGSIH', '196312051986032002', '142', 'Oktober 2004', NULL, NULL),
(143, 'IRIYATNO', '196407151987021002', '143', 'Oktober 2004', NULL, NULL),
(144, 'MUSA', '196510251987011001', '144', 'Oktober 2004', NULL, NULL),
(145, 'SUBAKIR', '195901181981031006', '145', 'Oktober 2004', NULL, NULL),
(146, 'PURNOMO', '196406261994031003', '146', 'Oktober 2004', NULL, NULL),
(147, 'RUSLAN ABDUL GANI', '196703041995121001', '147', 'Oktober 2004', NULL, NULL),
(148, 'TITUS  SABAT T', '197610032002121003', '148', 'Oktober 2004', NULL, NULL),
(149, 'ABD SJUKUR', '195908241981031006', '149', 'Maret 2002', NULL, NULL),
(150, 'SUPASDI', '195903011982031003', '150', 'Oktober 2004', NULL, NULL),
(151, 'SUPARNO', '197504102001121003', '151', 'Oktober 2004', NULL, NULL),
(152, 'PUJANANTO', '196806242007011002', '152', 'Oktober 2004', NULL, NULL),
(153, 'ACHJUMAH SUKARNI', '196109261985032001', '153', 'Januari 2008', NULL, NULL),
(154, 'SUNAWI', '197905152009101001', '154', 'Januari 2008', NULL, NULL),
(155, 'SENTOT DIDIK S', '196005271987011001', '155', 'Januari 2006', NULL, NULL),
(156, 'SUKIMIN', '196909102007011001', '156', 'Oktober 2004', NULL, NULL),
(157, 'NINIK RAHMANIYAH', '197210232007012001', '157', 'Oktober 2004', NULL, NULL),
(158, 'AGUS SUWIYANTO', '196108082006041002', '158', 'Oktober 2004', NULL, NULL),
(159, 'SUMINTO', '196906292001121001', '159', 'Oktober 2004', NULL, NULL),
(160, 'MUKTI UTOMO', '195810051983011001', '160', 'Oktober 2004', NULL, NULL),
(161, 'MOCH HOESIN', '196107121981031002', '161', 'Oktober 2004', NULL, NULL),
(162, 'SOENARIJO', '195809291982021001', '162', 'Oktober 2004', NULL, NULL),
(163, 'LENDRA JUNI SETIAWAN', '197906052009101003', '163', 'Oktober 2004', NULL, NULL),
(164, 'SUMADI', '197007222008101001', '164', 'Maret 2002', NULL, NULL),
(165, 'BUDI HARTANTO', '196605172001121001', '165', 'Maret 2002', NULL, NULL),
(166, 'DRS ANIS BADRES', '196009272006041001', '166', 'Maret 2002', NULL, NULL),
(167, 'DYAH SATYA YOGA', '195808241985112001', '167', 'Oktober 2004', NULL, NULL),
(168, 'SETYA NUGROHO', '196508201999031001', '168', 'Januari 2008', NULL, NULL),
(169, 'ALI SAID', '197611282008101003', '169', 'Januari 2008', NULL, NULL),
(170, 'MUCHAMMAD ARIFIN', '198107182001121003', '170', 'Januari 2008', NULL, NULL),
(171, 'SAWAL', '196701041999031003', '171', 'Januari 2010', NULL, NULL),
(172, 'IRA WAHYUNI', '197704182005012002', '172', 'Oktober 2004', NULL, NULL),
(173, 'SUNYOTO', '197011122007021001', '173', 'Januari 2014', NULL, NULL),
(174, 'DIDIK DWI SANTOSO', '197906182007101002', '174', 'Maret 2002', NULL, NULL),
(175, 'IBNU WIBOWO', '195812031981031005', '175', 'Januari 2008', NULL, NULL),
(176, 'SOLIKIN', '196103071987011001', '176', 'Januari 2008', NULL, NULL),
(177, 'SUGIYANTO', '196610141987091001', '177', 'Januari 2008', NULL, NULL),
(178, 'TULUS PURWANTO', '196504151990031002', '178', 'Oktober 2004', NULL, NULL),
(179, 'ANDRIANI LILIANA', '196604181989132001', '179', 'Januari 2008', NULL, NULL),
(180, 'ASMAD', '196302221987031002', '180', 'Oktober 2004', NULL, NULL),
(181, 'MOCH SIFAK', '196507121987021002', '181', 'Oktober 2004', NULL, NULL),
(182, 'MUHTAROM ILYAS', '195110111985031001', '182', 'Oktober 2004', NULL, NULL),
(183, 'MUDJIANA', '197811262009101002', '183', 'Maret 2002', NULL, NULL),
(184, 'YAKUN', '196308081995121001', '184', 'Maret 2002', NULL, NULL),
(185, 'DRS NURUL HIDAYAT', '196304041989031002', '185', 'Oktober 2004', NULL, NULL),
(186, 'SHOCHIB', '195908221989021001', '186', 'Oktober 2004', NULL, NULL),
(187, 'KARDJI', '195902111981031001', '187', 'Januari 2006', NULL, NULL),
(188, 'ARIF SUSANTO', '196801312007011002', '188', 'Januari 2006', NULL, NULL),
(189, 'HARSONO', '196212312006041034', '189', 'Januari 2006', NULL, NULL),
(190, 'ALIYATI ELCHURIAH', '196210071982032001', '190', 'Maret 2002', NULL, NULL),
(191, 'MOCH JAINURI', '195910141981031003', '191', 'Oktober 2004', NULL, NULL),
(192, 'PURWONO', '196509121987021001', '192', 'Januari 2008', NULL, NULL),
(193, 'SLAMET SUGITO', '195909021981031001', '193', 'Januari 2008', NULL, NULL),
(194, 'TAUFIQ RAHMANU', '197605252007011002', '194', 'Januari 2008', NULL, NULL),
(195, 'NANI RISWIDAYANTI', '197611042007012001', '195', 'Januari 2009', NULL, NULL),
(196, 'SOKIP', '196810032007011002', '196', 'Januari 2010', NULL, NULL),
(197, 'SOPET', '196310041986032002', '197', 'Januari 2006', NULL, NULL),
(198, 'KARI UTOMO', '195909221981031002', '198', 'Januari 2008', NULL, NULL),
(199, 'ARIFIN', '197012052007011001', '199', 'Januari 2013', NULL, NULL),
(200, 'HERMAN PRATIKNO', '197304152000031001', '200', 'Januari 2013', NULL, NULL),
(201, 'KASPUDJI', '196012211987011001', '201', 'Maret 2002', NULL, NULL),
(202, 'DWI MUSDARWATI', '195911291986012001', '202', 'Maret 2002', NULL, NULL),
(203, 'EVILIAWANTI', '197101222006042003', '203', 'Maret 2002', NULL, NULL),
(204, 'AGUNG TJAHJONO', '196002111981031003', '204', 'Maret 2002', NULL, NULL),
(205, 'IDAYATI', '197204172007012001', '205', 'Oktober 2004', NULL, NULL),
(206, 'RIRIT PURWANTI', '198308082008012011', '206', 'Maret 2002', NULL, NULL),
(207, 'ABDUL ROCHIM', '196708312009101001', '207', 'Maret 2002', NULL, NULL),
(208, 'R.H BUDI PRAMONO', '196208272006041001', '208', 'Maret 2002', NULL, NULL),
(209, 'SITI MUAWANAH', '198309252009102001', '209', 'Maret 2002', NULL, NULL),
(210, 'MUZAMMIL', '197009031990031003', '210', 'Maret 2002', NULL, NULL),
(211, 'DRS ALI YUNUS R', '196705141993031016', '211', 'Oktober 2004', NULL, NULL),
(212, 'SOBI''I', '196010261983011001', '212', 'Oktober 2004', NULL, NULL),
(213, 'SAMID', '197404152007101001', '213', 'Januari 2006', NULL, NULL),
(214, 'ARIFIN', '196305101985031007', '214', 'Januari 2008', NULL, NULL),
(215, 'YUNIANTO', '197106102007011001', '215', 'Januari 2008', NULL, NULL),
(216, 'MUJIANTO', '196103281981031001', '216', 'Januari 2004', NULL, NULL),
(217, 'MUSLIMIN', '196101121982121001', '217', 'Maret 2002', NULL, NULL),
(218, 'Drs MATDURI', '196806172008101001', '218', 'Januari 2011', NULL, NULL),
(219, 'MARSAM', '195905011981031002', '219', 'Januari 2012', NULL, NULL),
(220, 'TITIK MUDJIATI', '196508051989032002', '220', 'Januari 2011', NULL, NULL),
(221, 'SOETRISNO', '196007121987011001', '221', 'Oktober 2004', NULL, NULL),
(222, 'TARTIP JAYADI', '196709081992031002', '222', 'Oktober 2004', NULL, NULL),
(223, 'MARSAID', '196001201981031003', '223', 'Oktober 2004', NULL, NULL),
(224, 'SUDIARTO', '196210091986031005', '224', 'Januari 2008', NULL, NULL),
(225, 'ILYAS', '196603122007011001', '225', 'Januari 2008', NULL, NULL),
(226, 'UMAIRI', '197902072007011001', '226', 'Januari 2009', NULL, NULL),
(227, 'MUHAMMAD BURHANUDIN', '198210312009101001', '227', 'Oktober 2004', NULL, NULL),
(228, 'MUHYIDIN S.SOS', '197002011990031001', '228', 'Oktober 2004', NULL, NULL),
(229, 'ARMAN SURYANTO', '196701142007011001', '229', 'Januari 2009', NULL, NULL),
(230, 'DARMAWAN', '1981102320091003', '230', 'Januari 2008', NULL, NULL),
(231, 'USUP', '195907151988031001', '231', 'Maret 2002', NULL, NULL),
(232, 'TUTUS WIBOWO', '195906051981031004', '232', 'Maret 2002', NULL, NULL),
(233, 'KOHAR', '196304231987021001', '233', 'Maret 2002', NULL, NULL),
(234, 'TRI RAHAYU H', '197511012008102001', '234', 'Maret 2002', NULL, NULL),
(235, 'AFENDI ADI HERMAWAN', '197502081999031001', '235', 'Maret 2002', NULL, NULL),
(236, 'HERY KUSMAYADI', '195910241987021001', '236', 'Oktober 2004', NULL, NULL),
(237, 'HARDIMAN', '195805071983031002', '237', 'Oktober 2004', NULL, NULL),
(238, 'BAMBANG ISKANDARIAWAN', '196011221990021001', '238', 'Oktober 2004', NULL, NULL),
(239, 'SUBAGIO', '196008042006041013', '239', 'Januari 2006', NULL, NULL),
(240, 'EKO BIANTO', '196711201990031004', '240', 'Januari 2006', NULL, NULL),
(241, 'ESTI PANGESTU', '196405071994032002', '241', 'Januari 2006', NULL, NULL),
(242, 'TARIMO', '196112311987021002', '242', 'Januari 2006', NULL, NULL),
(243, 'SARWONO', '197209282007011004', '243', 'Januari 2007', NULL, NULL),
(244, 'Drs. SRI SUPRAPTI', '195402221984032001', '244', 'Januari 2008', NULL, NULL),
(245, 'Drs. EC. SUPARNO', '196305151985121001', '245', 'Januari 2008', NULL, NULL),
(246, 'RATNA EDIATI', '196006221986032002', '246', 'Januari 2008', NULL, NULL),
(247, 'TOAT AMINULLAH', '196911132007011002', '247', 'Oktober 2004', NULL, NULL),
(248, 'Ir. SETIAWAN', '196010301987011001', '248', 'Oktober 2004', NULL, NULL),
(249, 'SURODJO', '196201011981031001', '249', 'Oktober 2004', NULL, NULL),
(250, 'JUNI HARIJANTO', '197107062008101001', '250', 'Januari 2006', NULL, NULL),
(251, 'YEYES MULYADI', '197312072001121001', '251', 'Oktober 2004', NULL, NULL),
(252, 'IRFAN ARIFIN', '197707282009101001', '252', 'Januari 2011', NULL, NULL),
(253, 'Sumadi', '197007222008101001', '253', 'Januari 2012', NULL, NULL),
(254, 'Moch Arief Budi Laksono', '196805041992031001', '254', 'Januari 2013', NULL, NULL),
(255, 'Agus Effendi', '196208171987021001', '255', 'Januari 2012', NULL, NULL),
(256, 'Prawito', '196708242007011003', '256', 'Januari 2012', NULL, NULL),
(257, 'Suroto', '196509272007011001', '257', 'Januari 2009', NULL, NULL),
(258, 'Choirul Chanafi', '196501291987021001', '258', 'Januari 2009', NULL, NULL),
(259, 'Sriati', '197109122007012001', '259', 'Januari 2006', NULL, NULL),
(260, 'Jarwo', '196609121987021001', '260', 'Januari 2013', NULL, NULL),
(261, 'Suwantono', '197004112006041001', '261', 'Januari 2013', NULL, NULL),
(262, 'Joko Wahyudi', '197904052009101002', '262', 'Januari 2013', NULL, NULL),
(263, 'MASUPAR', '196407022007011001', '263', 'Maret 2002', NULL, NULL),
(264, 'Octaviyanti Dwi W', '198110012005012001', '264', 'Maret 2002', NULL, NULL),
(265, ' Andy Afandy', '029', '265', 'Maret 2002', NULL, NULL),
(266, 'Samsul Arifin', '036', '266', 'Januari 2008', NULL, NULL),
(267, 'Sumarsih', '031', '267', 'Januari 2004', NULL, NULL),
(268, 'Ernawati', '032', '268', 'Oktober 2004', NULL, NULL),
(269, 'Thousand Ach Tohar', '037', '269', 'Oktober 2004', NULL, NULL),
(270, ' Achmad Syihabbudin', '030', '270', 'Maret 2002', NULL, NULL),
(271, 'Nor Salim', '026', '271', 'Oktober 2004', NULL, NULL);

-- --------------------------------------------------------

--
-- Struktur dari tabel `anggotapassword`
--

CREATE TABLE IF NOT EXISTS `anggotapassword` (
  `no_anggota` varchar(100) NOT NULL,
  `password` varchar(100) NOT NULL,
  PRIMARY KEY (`no_anggota`)
) ENGINE=InnoDB DEFAULT CHARSET=latin1;

--
-- Dumping data untuk tabel `anggotapassword`
--

INSERT INTO `anggotapassword` (`no_anggota`, `password`) VALUES
('1', 'c4ca4238a0b923820dcc509a6f75849b'),
('10', 'd3d9446802a44259755d38e6d163e820'),
('100', 'f899139df5e1059396431415e770c6dd'),
('101', '38b3eff8baf56627478ec76a704e9b52'),
('102', 'ec8956637a99787bd197eacd77acce5e'),
('103', '6974ce5ac660610b44d9b9fed0ff9548'),
('104', 'c9e1074f5b3f9fc8ea15d152add07294'),
('105', '65b9eea6e1cc6bb9f0cd2a47751a186f'),
('106', 'f0935e4cd5920aa6c7c996a5ee53a70f'),
('107', 'a97da629b098b75c294dffdc3e463904'),
('108', 'a3c65c2974270fd093ee8a9bf8ae7d0b'),
('109', '2723d092b63885e0d7c260cc007e8b9d'),
('11', '6512bd43d9caa6e02c990b0a82652dca'),
('110', '5f93f983524def3dca464469d2cf9f3e'),
('111', '698d51a19d8a121ce581499d7b701668'),
('112', '7f6ffaa6bb0b408017b62254211691b5'),
('113', '73278a4a86960eeb576a8fd4c9ec6997'),
('114', '5fd0b37cd7dbbb00f97ba6ce92bf5add'),
('115', '2b44928ae11fb9384c4cf38708677c48'),
('116', 'c45147dee729311ef5b5c3003946c48f'),
('117', 'eb160de1de89d9058fcb0b968dbbbd68'),
('118', '5ef059938ba799aaa845e1c2e8a762bd'),
('119', '07e1cd7dca89a1678042477183b7ac3f'),
('12', 'c20ad4d76fe97759aa27a0c99bff6710'),
('120', 'da4fb5c6e93e74d3df8527599fa62642'),
('121', '4c56ff4ce4aaf9573aa5dff913df997a'),
('122', 'a0a080f42e6f13b3a2df133f073095dd'),
('123', '202cb962ac59075b964b07152d234b70'),
('124', 'c8ffe9a587b126f152ed3d89a146b445'),
('125', '3def184ad8f4755ff269862ea77393dd'),
('126', '069059b7ef840f0c74a814ec9237b6ec'),
('127', 'ec5decca5ed3d6b8079e2e7e7bacc9f2'),
('128', '76dc611d6ebaafc66cc0879c71b5db5c'),
('129', 'd1f491a404d6854880943e5c3cd9ca25'),
('13', 'c51ce410c124a10e0db5e4b97fc2af39'),
('130', '9b8619251a19057cff70779273e95aa6'),
('131', '1afa34a7f984eeabdbb0a7d494132ee5'),
('132', '65ded5353c5ee48d0b7d48c591b8f430'),
('133', '9fc3d7152ba9336a670e36d0ed79bc43'),
('134', '02522a2b2726fb0a03bb19f2d8d9524d'),
('135', '7f1de29e6da19d22b51c68001e7e0e54'),
('136', '42a0e188f5033bc65bf8d78622277c4e'),
('137', '3988c7f88ebcb58c6ce932b957b6f332'),
('138', '013d407166ec4fa56eb1e1f8cbe183b9'),
('139', 'e00da03b685a0dd18fb6a08af0923de0'),
('14', 'aab3238922bcc25a6f606eb525ffdc56'),
('140', '1385974ed5904a438616ff7bdb3f7439'),
('141', '0f28b5d49b3020afeecd95b4009adf4c'),
('142', 'a8baa56554f96369ab93e4f3bb068c22'),
('143', '903ce9225fca3e988c2af215d4e544d3'),
('144', '0a09c8844ba8f0936c20bd791130d6b6'),
('145', '2b24d495052a8ce66358eb576b8912c8'),
('146', 'a5e00132373a7031000fd987a3c9f87b'),
('147', '8d5e957f297893487bd98fa830fa6413'),
('148', '47d1e990583c9c67424d369f3414728e'),
('149', 'f2217062e9a397a1dca429e7d70bc6ca'),
('15', '9bf31c7ff062936a96d3c8bd1f8f2ff3'),
('150', '7ef605fc8dba5425d6965fbd4c8fbe1f'),
('151', 'a8f15eda80c50adb0e71943adc8015cf'),
('152', '37a749d808e46495a8da1e5352d03cae'),
('153', 'b3e3e393c77e35a4a3f3cbd1e429b5dc'),
('154', '1d7f7abc18fcb43975065399b0d1e48e'),
('155', '2a79ea27c279e471f4d180b08d62b00a'),
('156', '1c9ac0159c94d8d0cbedc973445af2da'),
('157', '6c4b761a28b734fe93831e3fb400ce87'),
('158', '06409663226af2f3114485aa4e0a23b4'),
('159', '140f6969d5213fd0ece03148e62e461e'),
('16', 'c74d97b01eae257e44aa9d5bade97baf'),
('160', 'b73ce398c39f506af761d2277d853a92'),
('161', 'bd4c9ab730f5513206b999ec0d90d1fb'),
('162', '82aa4b0af34c2313a562076992e50aa3'),
('163', '0777d5c17d4066b82ab86dff8a46af6f'),
('164', 'fa7cdfad1a5aaf8370ebeda47a1ff1c3'),
('165', '9766527f2b5d3e95d4a733fcfb77bd7e'),
('166', '7e7757b1e12abcb736ab9a754ffb617a'),
('167', '5878a7ab84fb43402106c575658472fa'),
('168', '006f52e9102a8d3be2fe5614f42ba989'),
('169', '3636638817772e42b59d74cff571fbb3'),
('17', '70efdf2ec9b086079795c442636b55fb'),
('170', '149e9677a5989fd342ae44213df68868'),
('171', 'a4a042cf4fd6bfb47701cbc8a1653ada'),
('172', '1ff8a7b5dc7a7d1f0ed65aaa29c04b1e'),
('173', 'f7e6c85504ce6e82442c770f7c8606f0'),
('174', 'bf8229696f7a3bb4700cfddef19fa23f'),
('175', '82161242827b703e6acf9c726942a1e4'),
('176', '38af86134b65d0f10fe33d30dd76442e'),
('177', '96da2f590cd7246bbde0051047b0d6f7'),
('178', '8f85517967795eeef66c225f7883bdcb'),
('179', '8f53295a73878494e9bc8dd6c3c7104f'),
('18', '6f4922f45568161a8cdf4ad2299f6d23'),
('180', '045117b0e0a11a242b9765e79cbf113f'),
('181', 'fc221309746013ac554571fbd180e1c8'),
('182', '4c5bde74a8f110656874902f07378009'),
('183', 'cedebb6e872f539bef8c3f919874e9d7'),
('184', '6cdd60ea0045eb7a6ec44c54d29ed402'),
('185', 'eecca5b6365d9607ee5a9d336962c534'),
('186', '9872ed9fc22fc182d371c3e9ed316094'),
('187', '31fefc0e570cb3860f2a6d4b38c6490d'),
('188', '9dcb88e0137649590b755372b040afad'),
('189', 'a2557a7b2e94197ff767970b67041697'),
('19', '1f0e3dad99908345f7439f8ffabdffc4'),
('190', 'cfecdb276f634854f3ef915e2e980c31'),
('191', '0aa1883c6411f7873cb83dacb17b0afc'),
('192', '58a2fc6ed39fd083f55d4182bf88826d'),
('193', 'bd686fd640be98efaae0091fa301e613'),
('194', 'a597e50502f5ff68e3e25b9114205d4a'),
('195', '0336dcbab05b9d5ad24f4333c7658a0e'),
('196', '084b6fbb10729ed4da8c3d3f5a3ae7c9'),
('197', '85d8ce590ad8981ca2c8286f79f59954'),
('198', '0e65972dce68dad4d52d063967f0a705'),
('199', '84d9ee44e457ddef7f2c4f25dc8fa865'),
('2', 'c81e728d9d4c2f636f067f89cc14862c'),
('20', '98f13708210194c475687be6106a3b84'),
('200', '3644a684f98ea8fe223c713b77189a77'),
('201', '757b505cfd34c64c85ca5b5690ee5293'),
('202', '854d6fae5ee42911677c739ee1734486'),
('203', 'e2c0be24560d78c5e599c2a9c9d0bbd2'),
('204', '274ad4786c3abca69fa097b85867d9a4'),
('205', 'eae27d77ca20db309e056e3d2dcd7d69'),
('206', '7eabe3a1649ffa2b3ff8c02ebfd5659f'),
('207', '69adc1e107f7f7d035d7baf04342e1ca'),
('208', '091d584fced301b442654dd8c23b3fc9'),
('209', 'b1d10e7bafa4421218a51b1e1f1b0ba2'),
('21', '3c59dc048e8850243be8079a5c74d079'),
('210', '6f3ef77ac0e3619e98159e9b6febf557'),
('211', 'eb163727917cbba1eea208541a643e74'),
('212', '1534b76d325a8f591b52d302e7181331'),
('213', '979d472a84804b9f647bc185a877a8b5'),
('214', 'ca46c1b9512a7a8315fa3c5a946e8265'),
('215', '3b8a614226a953a8cd9526fca6fe9ba5'),
('216', '45fbc6d3e05ebd93369ce542e8f2322d'),
('217', '63dc7ed1010d3c3b8269faf0ba7491d4'),
('218', 'e96ed478dab8595a7dbda4cbcbee168f'),
('219', 'c0e190d8267e36708f955d7ab048990d'),
('22', 'b6d767d2f8ed5d21a44b0e5886680cb9'),
('220', 'ec8ce6abb3e952a85b8551ba726a1227'),
('221', '060ad92489947d410d897474079c1477'),
('222', 'bcbe3365e6ac95ea2c0343a2395834dd'),
('223', '115f89503138416a242f40fb7d7f338e'),
('224', '13fe9d84310e77f13a6d184dbf1232f3'),
('225', 'd1c38a09acc34845c6be3a127a5aacaf'),
('226', '9cfdf10e8fc047a44b08ed031e1f0ed1'),
('227', '705f2172834666788607efbfca35afb3'),
('228', '74db120f0a8e5646ef5a30154e9f6deb'),
('229', '57aeee35c98205091e18d1140e9f38cf'),
('23', '37693cfc748049e45d87b8c7d8b9aacd'),
('230', '6da9003b743b65f4c0ccd295cc484e57'),
('231', '9b04d152845ec0a378394003c96da594'),
('232', 'be83ab3ecd0db773eb2dc1b0a17836a1'),
('233', 'e165421110ba03099a1c0393373c5b43'),
('234', '289dff07669d7a23de0ef88d2f7129e7'),
('235', '577ef1154f3240ad5b9b413aa7346a1e'),
('236', '01161aaa0b6d1345dd8fe4e481144d84'),
('237', '539fd53b59e3bb12d203f45a912eeaf2'),
('238', 'ac1dd209cbcc5e5d1c6e28598e8cbbe8'),
('239', '555d6702c950ecb729a966504af0a635'),
('24', '1ff1de774005f8da13f42943881c655f'),
('240', '335f5352088d7d9bf74191e006d8e24c'),
('241', 'f340f1b1f65b6df5b5e3f94d95b11daf'),
('242', 'e4a6222cdb5b34375400904f03d8e6a5'),
('243', 'cb70ab375662576bd1ac5aaf16b3fca4'),
('244', '9188905e74c28e489b44e954ec0b9bca'),
('245', '0266e33d3f546cb5436a10798e657d97'),
('246', '38db3aed920cf82ab059bfccbd02be6a'),
('247', '3cec07e9ba5f5bb252d13f5f431e4bbb'),
('248', '621bf66ddb7c962aa0d22ac97d69b793'),
('249', '077e29b11be80ab57e1a2ecabb7da330'),
('25', '8e296a067a37563370ded05f5a3bf3ec'),
('250', '6c9882bbac1c7093bd25041881277658'),
('251', '19f3cd308f1455b3fa09a282e0d496f4'),
('252', '03c6b06952c750899bb03d998e631860'),
('253', 'c24cd76e1ce41366a4bbe8a49b02a028'),
('254', 'c52f1bd66cc19d05628bd8bf27af3ad6'),
('255', 'fe131d7f5a6b38b23cc967316c13dae2'),
('256', 'f718499c1c8cef6730f9fd03c8125cab'),
('257', 'd96409bf894217686ba124d7356686c9'),
('258', '502e4a16930e414107ee22b6198c578f'),
('259', 'cfa0860e83a4c3a763a7e62d825349f7'),
('26', '4e732ced3463d06de0ca9a15b6153677'),
('260', 'a4f23670e1833f3fdb077ca70bbd5d66'),
('261', 'b1a59b315fc9a3002ce38bbe070ec3f5'),
('262', '36660e59856b4de58a219bcf4e27eba3'),
('263', '8c19f571e251e61cb8dd3612f26d5ecf'),
('264', 'd6baf65e0b240ce177cf70da146c8dc8'),
('265', 'e56954b4f6347e897f954495eab16a88'),
('266', 'f7664060cc52bc6f3d620bcedc94a4b6'),
('267', 'eda80a3d5b344bc40f3bc04f65b7a357'),
('268', '8f121ce07d74717e0b1f21d122e04521'),
('269', '06138bc5af6023646ede0e1f7c1eac75'),
('27', '02e74f10e0327ad868d138f2b4fdd6f0'),
('270', '39059724f73a9969845dfe4146c5660e'),
('271', '7f100b7b36092fb9b06dfb4fac360931'),
('28', '33e75ff09dd601bbe69f351039152189'),
('29', '6ea9ab1baa0efb9e19094440c317e21b'),
('3', 'eccbc87e4b5ce2fe28308fd9f2a7baf3'),
('30', '34173cb38f07f89ddbebc2ac9128303f'),
('31', 'c16a5320fa475530d9583c34fd356ef5'),
('32', '6364d3f0f495b6ab9dcf8d3b5c6e0b01'),
('33', '182be0c5cdcd5072bb1864cdee4d3d6e'),
('34', 'e369853df766fa44e1ed0ff613f563bd'),
('35', '1c383cd30b7c298ab50293adfecb7b18'),
('36', '19ca14e7ea6328a42e0eb13d585e4c22'),
('37', 'a5bfc9e07964f8dddeb95fc584cd965d'),
('38', 'a5771bce93e200c36f7cd9dfd0e5deaa'),
('39', 'd67d8ab4f4c10bf22aa353e27879133c'),
('4', 'a87ff679a2f3e71d9181a67b7542122c'),
('40', 'd645920e395fedad7bbbed0eca3fe2e0'),
('41', '3416a75f4cea9109507cacd8e2f2aefc'),
('42', 'a1d0c6e83f027327d8461063f4ac58a6'),
('43', '17e62166fc8586dfa4d1bc0e1742c08b'),
('44', 'f7177163c833dff4b38fc8d2872f1ec6'),
('45', '6c8349cc7260ae62e3b1396831a8398f'),
('46', 'd9d4f495e875a2e075a1a4a6e1b9770f'),
('47', '67c6a1e7ce56d3d6fa748ab6d9af3fd7'),
('48', '642e92efb79421734881b53e1e1b18b6'),
('49', 'f457c545a9ded88f18ecee47145a72c0'),
('5', 'e4da3b7fbbce2345d7772b0674a318d5'),
('50', 'c0c7c76d30bd3dcaefc96f40275bdc0a'),
('51', '2838023a778dfaecdc212708f721b788'),
('52', '9a1158154dfa42caddbd0694a4e9bdc8'),
('53', 'd82c8d1619ad8176d665453cfb2e55f0'),
('54', 'a684eceee76fc522773286a895bc8436'),
('55', 'b53b3a3d6ab90ce0268229151c9bde11'),
('56', '9f61408e3afb633e50cdf1b20de6f466'),
('57', '72b32a1f754ba1c09b3695e0cb6cde7f'),
('58', '66f041e16a60928b05a7e228a89c3799'),
('59', '093f65e080a295f8076b1c5722a46aa2'),
('6', '1679091c5a880faf6fb5e6087eb1b2dc'),
('60', '072b030ba126b2f4b2374f342be9ed44'),
('61', '7f39f8317fbdb1988ef4c628eba02591'),
('62', '44f683a84163b3523afe57c2e008bc8c'),
('63', '03afdbd66e7929b125f8597834fa83a4'),
('64', 'ea5d2f1c4608232e07d3aa3d998e5135'),
('65', 'fc490ca45c00b1249bbe3554a4fdf6fb'),
('66', '3295c76acbf4caaed33c36b1b5fc2cb1'),
('67', '735b90b4568125ed6c3f678819b6e058'),
('68', 'a3f390d88e4c41f2747bfa2f1b5f87db'),
('69', '14bfa6bb14875e45bba028a21ed38046'),
('7', '8f14e45fceea167a5a36dedd4bea2543'),
('70', '7cbbc409ec990f19c78c75bd1e06f215'),
('71', 'e2c420d928d4bf8ce0ff2ec19b371514'),
('72', '32bb90e8976aab5298d5da10fe66f21d'),
('73', 'd2ddea18f00665ce8623e36bd4e3c7c5'),
('74', 'ad61ab143223efbc24c7d2583be69251'),
('75', 'd09bf41544a3365a46c9077ebb5e35c3'),
('76', 'fbd7939d674997cdb4692d34de8633c4'),
('77', '28dd2c7955ce926456240b2ff0100bde'),
('78', '35f4a8d465e6e1edc05f3d8ab658c551'),
('79', 'd1fe173d08e959397adf34b1d77e88d7'),
('8', 'c9f0f895fb98ab9159f51fd0297e236d'),
('80', 'f033ab37c30201f73f142449d037028d'),
('81', '43ec517d68b6edd3015b3edc9a11367b'),
('82', '9778d5d219c5080b9a6a17bef029331c'),
('83', 'fe9fc289c3ff0af142b6d3bead98a923'),
('84', '68d30a9594728bc39aa24be94b319d21'),
('85', '3ef815416f775098fe977004015c6193'),
('86', '93db85ed909c13838ff95ccfa94cebd9'),
('87', 'c7e1249ffc03eb9ded908c236bd1996d'),
('88', '2a38a4a9316c49e5a833517c45d31070'),
('89', '7647966b7343c29048673252e490f736'),
('9', '45c48cce2e2d7fbdea1afc51c7c6ad26'),
('90', '8613985ec49eb8f757ae6439e879bb2a'),
('91', '54229abfcfa5649e7003b83dd4755294'),
('92', '92cc227532d17e56e07902b254dfad10'),
('93', '98dce83da57b0395e163467c9dae521b'),
('94', 'f4b9ec30ad9f68f89b29639786cb62ef'),
('95', '812b4ba287f5ee0bc9d43bbf5bbe87fb'),
('96', '26657d5ff9020d2abefe558796b99584'),
('97', 'e2ef524fbf3d9fe611d5a8e90fefdc9c'),
('98', 'ed3d2c21991e3bef5e069713af9fa6ca'),
('99', 'ac627ab1ccbdb62ec96e702f07f6425b');

-- --------------------------------------------------------

--
-- Struktur dari tabel `calon_anggota`
--

CREATE TABLE IF NOT EXISTS `calon_anggota` (
  `id_calon_anggota` int(11) NOT NULL AUTO_INCREMENT,
  `nama` varchar(200) NOT NULL,
  `nip` varchar(100) NOT NULL,
  `unit` varchar(100) NOT NULL,
  `tempat_lahir` varchar(100) NOT NULL,
  `tgl_lahir` date NOT NULL,
  `pangkat` varchar(100) NOT NULL,
  `telepon` varchar(100) NOT NULL,
  `email` varchar(100) NOT NULL,
  `alamat` varchar(200) NOT NULL,
  `tgl_bergabung` datetime NOT NULL,
  PRIMARY KEY (`id_calon_anggota`)
) ENGINE=InnoDB  DEFAULT CHARSET=latin1 AUTO_INCREMENT=6 ;

--
-- Dumping data untuk tabel `calon_anggota`
--

INSERT INTO `calon_anggota` (`id_calon_anggota`, `nama`, `nip`, `unit`, `tempat_lahir`, `tgl_lahir`, `pangkat`, `telepon`, `email`, `alamat`, `tgl_bergabung`) VALUES
(2, 'Jainul Arifin', '197307032014091003', 'LPTSI', 'Surabaya', '1973-07-03', 'IIa', '082141216929', 'jainul@its.ac.id', 'Menganti Permai Blok D4 no 02 Menganti Gersik', '2015-09-04 11:06:00'),
(3, 'Bhayu', '656218931', '1234', '', '0000-00-00', '', '', '', '', '2015-10-09 08:23:08'),
(4, 'Bhayu', '123', '123', '123', '2015-10-08', '123', '1213', '312', '2121', '2015-10-09 09:57:09'),
(5, 'dsad', '1322', 'dasd', 'sda', '2015-10-13', '4a', '132131423123', 'ddsad@gmail.com', 'adfsasd', '2015-10-13 13:29:22');

-- --------------------------------------------------------

--
-- Struktur dari tabel `captcha`
--

CREATE TABLE IF NOT EXISTS `captcha` (
  `captcha_id` bigint(13) unsigned NOT NULL AUTO_INCREMENT,
  `captcha_time` bigint(10) unsigned NOT NULL,
  `ip_address` varchar(16) NOT NULL DEFAULT '0',
  `word` varchar(20) NOT NULL,
  PRIMARY KEY (`captcha_id`),
  KEY `word` (`word`)
) ENGINE=InnoDB  DEFAULT CHARSET=latin1 AUTO_INCREMENT=308 ;

--
-- Dumping data untuk tabel `captcha`
--

INSERT INTO `captcha` (`captcha_id`, `captcha_time`, `ip_address`, `word`) VALUES
(307, 1369401795, '::1', 'fR7Tsa28');

-- --------------------------------------------------------

--
-- Struktur dari tabel `content`
--

CREATE TABLE IF NOT EXISTS `content` (
  `kode_content` int(5) NOT NULL AUTO_INCREMENT,
  `judul_content` varchar(100) DEFAULT NULL,
  `tanggal` datetime DEFAULT NULL,
  `penulis` varchar(50) DEFAULT NULL,
  `content` text,
  `deskripsi` text,
  `image_header` varchar(200) DEFAULT NULL,
  `tags` text,
  `status` varchar(20) DEFAULT NULL,
  `tampilan_status` varchar(10) NOT NULL,
  `counter` int(5) DEFAULT NULL,
  `image_detail` varchar(200) DEFAULT NULL,
  PRIMARY KEY (`kode_content`)
) ENGINE=InnoDB DEFAULT CHARSET=latin1 AUTO_INCREMENT=1 ;

--
-- Dumping data untuk tabel `content`
--


-- --------------------------------------------------------

--
-- Struktur dari tabel `content_label`
--

CREATE TABLE IF NOT EXISTS `content_label` (
  `kode_label` int(5) NOT NULL DEFAULT '0',
  `kode_content` int(5) NOT NULL DEFAULT '0',
  PRIMARY KEY (`kode_content`,`kode_label`),
  KEY `kode_label` (`kode_label`)
) ENGINE=InnoDB DEFAULT CHARSET=latin1;

--
-- Dumping data untuk tabel `content_label`
--


-- --------------------------------------------------------

--
-- Struktur dari tabel `gambar_slide`
--

CREATE TABLE IF NOT EXISTS `gambar_slide` (
  `id_updo` int(11) NOT NULL AUTO_INCREMENT,
  `nm_file` varchar(50) NOT NULL,
  `tipe_file` varchar(20) NOT NULL,
  `ket_file` text NOT NULL,
  PRIMARY KEY (`id_updo`)
) ENGINE=InnoDB DEFAULT CHARSET=latin1 AUTO_INCREMENT=1 ;

--
-- Dumping data untuk tabel `gambar_slide`
--


-- --------------------------------------------------------

--
-- Struktur dari tabel `komentar`
--

CREATE TABLE IF NOT EXISTS `komentar` (
  `kode_comment` int(7) NOT NULL AUTO_INCREMENT,
  `kode_content` int(5) DEFAULT NULL,
  `isi` text,
  `status` varchar(30) DEFAULT NULL,
  `pengirim` varchar(100) DEFAULT NULL,
  `website` varchar(100) DEFAULT NULL,
  `email` varchar(100) DEFAULT NULL,
  `tanggal` datetime DEFAULT NULL,
  PRIMARY KEY (`kode_comment`),
  KEY `kode_content` (`kode_content`)
) ENGINE=InnoDB DEFAULT CHARSET=latin1 AUTO_INCREMENT=1 ;

--
-- Dumping data untuk tabel `komentar`
--


-- --------------------------------------------------------

--
-- Struktur dari tabel `kop_anggota`
--

CREATE VIEW `dbkpri`.`kop_anggota` AS select `dbkpri`.`anggota`.`id_userkoperasi` AS `id_userkoperasi`,`dbkpri`.`anggota`.`nama` AS `nama`,`dbkpri`.`anggota`.`nip` AS `nip`,`dbkpri`.`anggota`.`no_anggota` AS `no_anggota`,`dbkpri`.`anggotapassword`.`password` AS `password`,`dbkpri`.`anggota`.`unit` AS `unit`,`dbkpri`.`anggota`.`status_anggota` AS `status_anggota`,`dbkpri`.`anggota`.`tgl_bergabung` AS `tgl_bergabung` from (`dbkpri`.`anggota` left join `dbkpri`.`anggotapassword` on((`dbkpri`.`anggota`.`no_anggota` = `dbkpri`.`anggotapassword`.`no_anggota`)));

-- --------------------------------------------------------

--
-- Struktur dari tabel `kop_pinjaman`
--

CREATE TABLE IF NOT EXISTS `kop_pinjaman` (
  `id_pinjaman` int(11) NOT NULL AUTO_INCREMENT,
  `no_anggota` int(11) NOT NULL,
  `nip` varchar(50) DEFAULT NULL,
  `jumlah_pinjaman` varchar(50) DEFAULT NULL,
  `masa` int(11) DEFAULT NULL,
  `sekarang` int(11) NOT NULL,
  `sisa` int(11) NOT NULL,
  `angsuran_pokok` varchar(50) DEFAULT NULL,
  `sisa_angsuran` varchar(50) DEFAULT NULL,
  `keterangan` varchar(500) DEFAULT NULL,
  `tgl_update` datetime NOT NULL,
  PRIMARY KEY (`id_pinjaman`),
  UNIQUE KEY `nip` (`nip`)
) ENGINE=InnoDB  DEFAULT CHARSET=latin1 AUTO_INCREMENT=265 ;

--
-- Dumping data untuk tabel `kop_pinjaman`
--

INSERT INTO `kop_pinjaman` (`id_pinjaman`, `no_anggota`, `nip`, `jumlah_pinjaman`, `masa`, `sekarang`, `sisa`, `angsuran_pokok`, `sisa_angsuran`, `keterangan`, `tgl_update`) VALUES
(1, 1, NULL, '10000000', 36, 36, 0, '277800', '0', 'BL', '2015-10-13 14:26:27'),
(2, 2, NULL, '10000000', 36, 36, 0, '277800', '0', 'BL', '2015-10-13 14:26:27'),
(3, 3, NULL, '15000000', 36, 34, 2, '416700', '833400', NULL, '2015-10-13 14:26:27'),
(4, 4, NULL, '15000000', 36, 34, 2, '416700', '833400', NULL, '2015-10-13 14:26:28'),
(5, 5, NULL, '10000000', 36, 34, 2, '277800', '555600', NULL, '2015-10-13 14:26:28'),
(6, 6, NULL, '15000000', 36, 34, 2, '416700', '833400', NULL, '2015-10-13 14:26:28'),
(7, 7, NULL, '10000000', 36, 34, 2, '277800', '555600', NULL, '2015-10-13 14:26:28'),
(8, 8, NULL, '10000000', 36, 33, 3, '277800', '833400', NULL, '2015-10-13 14:26:28'),
(9, 9, NULL, '10000000', 36, 33, 3, '277800', '833400', NULL, '2015-10-13 14:26:28'),
(10, 10, NULL, '15000000', 36, 33, 3, '416700', '1250100', NULL, '2015-10-13 14:26:28'),
(11, 11, NULL, '10000000', 36, 33, 3, '277800', '833400', NULL, '2015-10-13 14:26:28'),
(12, 12, NULL, '20000000', 36, 32, 4, '555600', '2222400', NULL, '2015-10-13 14:26:28'),
(13, 13, NULL, '20000000', 36, 32, 4, '555600', '2222400', NULL, '2015-10-13 14:26:28'),
(14, 14, NULL, '30000000', 36, 31, 5, '833400', '4167000', NULL, '2015-10-13 14:26:28'),
(15, 15, NULL, '20000000', 36, 31, 5, '555600', '2778000', NULL, '2015-10-13 14:26:28'),
(16, 16, NULL, '20000000', 36, 31, 5, '555600', '2778000', NULL, '2015-10-13 14:26:28'),
(17, 17, NULL, '15000000', 36, 31, 5, '416700', '2083500', NULL, '2015-10-13 14:26:28'),
(18, 18, NULL, '30000000', 24, 25, -1, NULL, NULL, 'Lunas', '2015-10-13 14:26:28'),
(19, 19, NULL, '20000000', 36, 29, 7, '666700', '4666900', NULL, '2015-10-13 14:26:28'),
(20, 20, NULL, '10000000', 36, 29, 7, '277800', '1944600', NULL, '2015-10-13 14:26:28'),
(21, 21, NULL, '8000000', 36, 29, 7, '222300', '1556100', NULL, '2015-10-13 14:26:28'),
(22, 22, NULL, '20000000', 36, 28, 8, '555600', '4444800', NULL, '2015-10-13 14:26:28'),
(23, 23, NULL, '20000000', 36, 28, 8, '333400', '2667200', NULL, '2015-10-13 14:26:28'),
(24, 24, NULL, '25000000', 36, 28, 8, '694500', '5556000', NULL, '2015-10-13 14:26:28'),
(25, 25, NULL, '15000000', 36, 27, 9, '416700', '3750300', NULL, '2015-10-13 14:26:28'),
(26, 26, NULL, '20000000', 36, 27, 9, '555600', '5000400', NULL, '2015-10-13 14:26:28'),
(27, 27, NULL, '20000000', 36, 26, 10, '555600', '5556000', NULL, '2015-10-13 14:26:28'),
(28, 28, NULL, '20000000', 36, 25, 11, '555600', '6111600', NULL, '2015-10-13 14:26:28'),
(29, 29, NULL, '10000000', 24, 25, -1, NULL, NULL, 'Lunas', '2015-10-13 14:26:28'),
(30, 30, NULL, '10000000', 24, 25, -1, NULL, NULL, 'Lunas', '2015-10-13 14:26:28'),
(31, 31, NULL, '15000000', 36, 25, 11, '416700', '4583700', NULL, '2015-10-13 14:26:28'),
(32, 32, NULL, '15000000', 36, 25, 11, '416700', '4583700', NULL, '2015-10-13 14:26:28'),
(33, 33, NULL, '10000000', 36, 25, 11, '277800', '3055800', NULL, '2015-10-13 14:26:28'),
(34, 34, NULL, '15000000', 36, 25, 11, '416700', '4583700', NULL, '2015-10-13 14:26:28'),
(35, 35, NULL, '15000000', 36, 25, 11, '416700', '4583700', NULL, '2015-10-13 14:26:28'),
(36, 36, NULL, '10000000', 24, 25, -1, NULL, NULL, 'Lunas', '2015-10-13 14:26:28'),
(37, 37, NULL, '10000000', 24, 24, 0, '416700', '0', NULL, '2015-10-13 14:26:28'),
(38, 38, NULL, '5000000', 24, 24, 0, '208400', '0', NULL, '2015-10-13 14:26:28'),
(39, 39, NULL, '10000000', 36, 24, 12, '277800', '3333600', NULL, '2015-10-13 14:26:28'),
(40, 40, NULL, '23000000', 36, 24, 12, '638900', '7666800', NULL, '2015-10-13 14:26:28'),
(41, 41, NULL, '10000000', 24, 24, 0, '416700', '0', NULL, '2015-10-13 14:26:28'),
(42, 42, NULL, '25000000', 36, 23, 13, '694500', '9028500', NULL, '2015-10-13 14:26:28'),
(43, 43, NULL, '6000000', 24, 23, 1, '250000', '250000', 'Baru tertag', '2015-10-13 14:26:28'),
(44, 44, NULL, '35000000', 24, 23, 1, '1458400', '1458400', NULL, '2015-10-13 14:26:28'),
(45, 45, NULL, '20000000', 36, 23, 13, '555600', '7222800', NULL, '2015-10-13 14:26:28'),
(46, 46, NULL, '20000000', 24, 22, 2, '833400', '1666800', NULL, '2015-10-13 14:26:28'),
(47, 47, NULL, '50000000', 36, 22, 14, '1388900', '19444600', NULL, '2015-10-13 14:26:28'),
(48, 48, NULL, '10000000', 24, 22, 2, '416700', '833400', NULL, '2015-10-13 14:26:28'),
(49, 49, NULL, '10000000', 24, 22, 2, '416700', '833400', NULL, '2015-10-13 14:26:28'),
(50, 50, NULL, '30000000', 36, 22, 35, '833400', '29169000', NULL, '2015-10-13 14:26:28'),
(51, 51, NULL, '20000000', 24, 22, 23, '833400', '19168200', NULL, '2015-10-13 14:26:28'),
(52, 52, NULL, '20000000', 36, 21, 15, '555600', '8334000', NULL, '2015-10-13 14:26:28'),
(53, 53, NULL, '50000000', 36, 21, 15, '1388900', '20833500', NULL, '2015-10-13 14:26:28'),
(54, 54, NULL, '30000000', 36, 21, 15, '833400', '12501000', NULL, '2015-10-13 14:26:28'),
(55, 55, NULL, '10000000', 36, 21, 15, '277800', '4167000', NULL, '2015-10-13 14:26:28'),
(56, 56, NULL, '15000000', 36, 21, 15, '416700', '6250500', NULL, '2015-10-13 14:26:28'),
(57, 57, NULL, '40000000', 36, 21, 15, '1111200', '16668000', NULL, '2015-10-13 14:26:28'),
(58, 58, NULL, '50000000', 36, 21, 15, '1388900', '20833500', NULL, '2015-10-13 14:26:28'),
(59, 59, NULL, '25000000', 36, 20, 16, NULL, NULL, 'Pelunasan', '2015-10-13 14:26:28'),
(60, 60, NULL, '15000000', 24, 20, 4, '625000', '2500000', NULL, '2015-10-13 14:26:28'),
(61, 61, NULL, '10000000', 36, 20, 16, '277800', '4444800', NULL, '2015-10-13 14:26:28'),
(62, 62, NULL, '6000000', 24, 20, 4, NULL, NULL, 'Meninggal', '2015-10-13 14:26:28'),
(63, 63, NULL, '30000000', 36, 20, 16, '833400', '13334400', NULL, '2015-10-13 14:26:28'),
(64, 64, NULL, '15000000', 24, 20, 4, '625000', '2500000', NULL, '2015-10-13 14:26:28'),
(65, 65, NULL, '8000000', 36, 20, 16, '222300', '3556800', NULL, '2015-10-13 14:26:28'),
(66, 66, NULL, '20000000', 24, 20, 4, '833400', '3333600', NULL, '2015-10-13 14:26:28'),
(67, 67, NULL, '30000000', 36, 20, 16, '833400', '13334400', NULL, '2015-10-13 14:26:28'),
(68, 68, NULL, '50000000', 36, 19, 17, '1388900', '23611300', NULL, '2015-10-13 14:26:28'),
(69, 69, NULL, '25000000', 36, 19, 17, '694500', '11806500', NULL, '2015-10-13 14:26:28'),
(70, 70, NULL, '35000000', 36, 19, 17, '972300', '16529100', NULL, '2015-10-13 14:26:28'),
(71, 71, NULL, '20000000', 36, 19, 17, NULL, NULL, 'Meninggal', '2015-10-13 14:26:28'),
(72, 72, NULL, '20000000', 24, 19, 5, '833400', '4167000', NULL, '2015-10-13 14:26:28'),
(73, 73, NULL, '20000000', 24, 19, 5, '833400', '4167000', NULL, '2015-10-13 14:26:28'),
(74, 74, NULL, '28000000', 36, 19, 17, '777800', '13222600', NULL, '2015-10-13 14:26:28'),
(75, 75, NULL, '7000000', 24, 19, 5, '291700', '1458500', NULL, '2015-10-13 14:26:28'),
(76, 76, NULL, '30000000', 36, 19, 17, '833400', '14167800', NULL, '2015-10-13 14:26:28'),
(77, 77, NULL, '25000000', 18, 18, 0, '1388900', '0', NULL, '2015-10-13 14:26:28'),
(78, 78, NULL, '30000000', 36, 18, 18, '833400', '15001200', NULL, '2015-10-13 14:26:28'),
(79, 79, NULL, '30000000', 24, 18, 6, '1250000', '7500000', NULL, '2015-10-13 14:26:28'),
(80, 80, NULL, '20000000', 36, 18, 18, '555600', '10000800', NULL, '2015-10-13 14:26:28'),
(81, 81, NULL, '20000000', 36, 18, 18, '555600', '10000800', NULL, '2015-10-13 14:26:28'),
(82, 82, NULL, '8000000', 24, 18, 6, '333400', '2000400', NULL, '2015-10-13 14:26:28'),
(83, 83, NULL, '30000000', 36, 18, 18, '833400', '15001200', NULL, '2015-10-13 14:26:28'),
(84, 84, NULL, '10000000', 24, 18, 6, '416700', '2500200', NULL, '2015-10-13 14:26:28'),
(85, 85, NULL, '20000000', 36, 18, 18, '555600', '10000800', NULL, '2015-10-13 14:26:28'),
(86, 86, NULL, '10000000', 36, 17, 19, '277800', '5278200', NULL, '2015-10-13 14:26:28'),
(87, 87, NULL, '8000000', 36, 17, 19, '222300', '4223700', NULL, '2015-10-13 14:26:28'),
(88, 88, NULL, '25000000', 24, 17, 7, '1041700', '7291900', NULL, '2015-10-13 14:26:28'),
(89, 89, NULL, '20000000', 36, 17, 19, '555600', '10556400', NULL, '2015-10-13 14:26:28'),
(90, 90, NULL, '35000000', 36, 17, 19, '972300', '18473700', NULL, '2015-10-13 14:26:28'),
(91, 91, NULL, '10000000', 36, 16, 20, '277800', '5556000', NULL, '2015-10-13 14:26:28'),
(92, 92, NULL, '20000000', 36, 16, 20, '555600', '11112000', NULL, '2015-10-13 14:26:28'),
(93, 93, NULL, '20000000', 36, 16, 20, '555600', '11112000', NULL, '2015-10-13 14:26:28'),
(94, 94, NULL, '20000000', 36, 16, 20, '555600', '11112000', NULL, '2015-10-13 14:26:28'),
(95, 95, NULL, '20000000', 36, 16, 20, '555600', '11112000', NULL, '2015-10-13 14:26:28'),
(96, 96, NULL, '20000000', 36, 16, 20, '555600', '11112000', NULL, '2015-10-13 14:26:28'),
(97, 97, NULL, '50000000', 36, 16, 20, '1388900', '27778000', NULL, '2015-10-13 14:26:28'),
(98, 98, NULL, '20000000', 24, 16, 8, '833400', '6667200', NULL, '2015-10-13 14:26:28'),
(99, 99, NULL, '10000000', 24, 16, 8, '416700', '3333600', NULL, '2015-10-13 14:26:28'),
(100, 100, NULL, '25000000', 24, 16, 8, '1041700', '8333600', NULL, '2015-10-13 14:26:28'),
(101, 101, NULL, '20000000', 36, 16, 20, '555600', '11112000', NULL, '2015-10-13 14:26:28'),
(102, 102, NULL, '15000000', 36, 15, 21, '416700', '8750700', NULL, '2015-10-13 14:26:28'),
(103, 103, NULL, '10000000', 15, 15, 0, '666700', '0', 'Bayar KPN', '2015-10-13 14:26:28'),
(104, 104, NULL, '17000000', 36, 15, 21, '472300', '9918300', NULL, '2015-10-13 14:26:28'),
(105, 105, NULL, '35000000', 36, 15, 21, '972300', '20418300', NULL, '2015-10-13 14:26:28'),
(106, 106, NULL, '15000000', 24, 15, 9, '625000', '5625000', NULL, '2015-10-13 14:26:28'),
(107, 107, NULL, '35000000', 36, 15, 21, '972300', '20418300', NULL, '2015-10-13 14:26:28'),
(108, 108, NULL, '30000000', 24, 15, 9, '1250000', '11250000', NULL, '2015-10-13 14:26:28'),
(109, 109, NULL, '50000000', 36, 15, 21, '1388900', '29166900', NULL, '2015-10-13 14:26:28'),
(110, 110, NULL, '50000000', 36, 15, 21, '1388900', '29166900', 'Bayar KPN', '2015-10-13 14:26:28'),
(111, 111, NULL, '20000000', 36, 15, 21, '555600', '11667600', NULL, '2015-10-13 14:26:28'),
(112, 112, NULL, '20000000', 36, 15, 21, '555600', '11667600', NULL, '2015-10-13 14:26:28'),
(113, 113, NULL, '50000000', 36, 15, 21, '1388900', '29166900', NULL, '2015-10-13 14:26:28'),
(114, 114, NULL, '15000000', 20, 15, 5, '750000', '3750000', NULL, '2015-10-13 14:26:28'),
(115, 115, NULL, '20000000', 36, 14, 22, '555600', '12223200', NULL, '2015-10-13 14:26:28'),
(116, 116, NULL, '50000000', 36, 14, 22, '1388900', '30555800', NULL, '2015-10-13 14:26:28'),
(117, 117, NULL, '30000000', 36, 14, 22, '833400', '18334800', NULL, '2015-10-13 14:26:28'),
(118, 118, NULL, '20000000', 36, 14, 22, '555600', '12223200', NULL, '2015-10-13 14:26:28'),
(119, 119, NULL, '20000000', 36, 14, 22, '555600', '12223200', NULL, '2015-10-13 14:26:28'),
(120, 120, NULL, '25000000', 36, 14, 22, '694500', '15279000', NULL, '2015-10-13 14:26:28'),
(121, 121, NULL, '50000000', 36, 14, 22, NULL, NULL, 'Meninggal D', '2015-10-13 14:26:28'),
(122, 122, NULL, '20000000', 36, 14, 22, '555600', '12223200', NULL, '2015-10-13 14:26:28'),
(123, 123, NULL, '40000000', 36, 13, 23, '1111200', '25557600', NULL, '2015-10-13 14:26:28'),
(124, 124, NULL, '25000000', 24, 13, 11, '1041700', '11458700', NULL, '2015-10-13 14:26:28'),
(125, 125, NULL, '15000000', 36, 13, 23, '416700', '9584100', NULL, '2015-10-13 14:26:28'),
(126, 126, NULL, '25000000', 24, 13, 11, '1041700', '11458700', NULL, '2015-10-13 14:26:28'),
(127, 127, NULL, '10000000', 24, 13, 11, '416700', '4583700', NULL, '2015-10-13 14:26:28'),
(128, 128, NULL, '5000000', 12, 13, -1, NULL, NULL, 'Lunas', '2015-10-13 14:26:28'),
(129, 129, NULL, '25000000', 36, 13, 23, '694500', '15973500', NULL, '2015-10-13 14:26:28'),
(130, 130, NULL, '25000000', 36, 13, 23, '694500', '15973500', NULL, '2015-10-13 14:26:28'),
(131, 131, NULL, '15000000', 36, 13, 23, '416700', '9584100', NULL, '2015-10-13 14:26:28'),
(132, 132, NULL, '20000000', 36, 13, 23, '555600', '12778800', NULL, '2015-10-13 14:26:28'),
(133, 133, NULL, '15000000', 24, 13, 11, '625000', '6875000', NULL, '2015-10-13 14:26:28'),
(134, 134, NULL, '5000000', 12, 13, -1, NULL, NULL, 'Lunas', '2015-10-13 14:26:28'),
(135, 135, NULL, '30000000', 36, 13, 23, '833400', '19168200', NULL, '2015-10-13 14:26:28'),
(136, 136, NULL, '25000000', 24, 13, 11, '1041700', '11458700', NULL, '2015-10-13 14:26:28'),
(137, 137, NULL, '13000000', 24, 13, 11, '541700', '5958700', NULL, '2015-10-13 14:26:28'),
(138, 138, NULL, '10000000', 24, 11, 13, '416700', '5417100', NULL, '2015-10-13 14:26:28'),
(139, 139, NULL, '30000000', 36, 11, 25, '833400', '20835000', NULL, '2015-10-13 14:26:28'),
(140, 140, NULL, '20000000', 24, 11, 13, '833400', '10834200', NULL, '2015-10-13 14:26:28'),
(141, 141, NULL, '25000000', 12, 11, 1, '2083400', '2083400', NULL, '2015-10-13 14:26:28'),
(142, 142, NULL, '15000000', 12, 11, 1, '1250000', '1250000', NULL, '2015-10-13 14:26:28'),
(143, 143, NULL, '20000000', 36, 11, 25, '555600', '13890000', NULL, '2015-10-13 14:26:28'),
(144, 144, NULL, '10000000', 24, 11, 13, '416700', '5417100', NULL, '2015-10-13 14:26:28'),
(145, 145, NULL, '15000000', 24, 11, 13, '625000', '8125000', NULL, '2015-10-13 14:26:28'),
(146, 146, NULL, '20000000', 36, 11, 25, '555600', '13890000', NULL, '2015-10-13 14:26:28'),
(147, 147, NULL, '15000000', 24, 11, 13, '625000', '8125000', NULL, '2015-10-13 14:26:28'),
(148, 148, NULL, '15000000', 24, 11, 13, '625000', '8125000', NULL, '2015-10-13 14:26:28'),
(149, 149, NULL, '25000000', 24, 10, 14, '1041667', '14583333', NULL, '2015-10-13 14:26:28'),
(150, 150, NULL, '25000000', 24, 10, 14, '1041700', '14583800', NULL, '2015-10-13 14:26:28'),
(151, 151, NULL, '35000000', 36, 10, 26, '972300', '25279800', NULL, '2015-10-13 14:26:28'),
(152, 152, NULL, '10000000', 36, 10, 26, '277800', '7222800', NULL, '2015-10-13 14:26:28'),
(153, 153, NULL, '50000000', 36, 10, 26, '1388900', '36111400', NULL, '2015-10-13 14:26:28'),
(154, 154, NULL, '20000000', 36, 10, 26, '555600', '14445600', NULL, '2015-10-13 14:26:28'),
(155, 155, NULL, '30000000', 36, 10, 26, '833400', '21668400', NULL, '2015-10-13 14:26:28'),
(156, 156, NULL, '20000000', 36, 11, 25, '555600', '13890000', NULL, '2015-10-13 14:26:28'),
(157, 157, NULL, '30000000', 36, 11, 25, '833400', '20835000', NULL, '2015-10-13 14:26:28'),
(158, 158, NULL, '25000000', 36, 11, 25, '694500', '17362500', NULL, '2015-10-13 14:26:28'),
(159, 159, NULL, '20000000', 24, 10, 14, '833400', '11667600', NULL, '2015-10-13 14:26:28'),
(160, 160, NULL, '25000000', 24, 10, 14, '1041700', '14583800', NULL, '2015-10-13 14:26:28'),
(161, 161, NULL, '25000000', 36, 10, 26, '694500', '18057000', NULL, '2015-10-13 14:26:28'),
(162, 162, NULL, '22000000', 24, 10, 14, '916700', '12833800', NULL, '2015-10-13 14:26:28'),
(163, 163, NULL, '20000000', 36, 9, 27, '555600', '15001200', NULL, '2015-10-13 14:26:28'),
(164, 164, NULL, '7000000', 12, 9, 3, '583400', '1750200', NULL, '2015-10-13 14:26:28'),
(165, 165, NULL, '25000000', 36, 9, 27, '694500', '18751500', NULL, '2015-10-13 14:26:28'),
(166, 166, NULL, '15000000', 36, 9, 27, '416700', '11250900', NULL, '2015-10-13 14:26:28'),
(167, 167, NULL, '25000000', 36, 9, 27, '694500', '18751500', NULL, '2015-10-13 14:26:28'),
(168, 168, NULL, '15000000', 36, 9, 27, '416700', '11250900', NULL, '2015-10-13 14:26:28'),
(169, 169, NULL, '20000000', 24, 9, 15, '833400', '12501000', NULL, '2015-10-13 14:26:28'),
(170, 170, NULL, '10000000', 36, 9, 27, '277800', '7500600', NULL, '2015-10-13 14:26:28'),
(171, 171, NULL, '25000000', 36, 9, 27, '694500', '18751500', NULL, '2015-10-13 14:26:28'),
(172, 172, NULL, '12000000', 12, 9, 3, '1000000', '3000000', NULL, '2015-10-13 14:26:28'),
(173, 173, NULL, '9000000', 24, 9, 15, '375000', '5625000', NULL, '2015-10-13 14:26:28'),
(174, 174, NULL, '15000000', 36, 9, 27, '416700', '11250900', NULL, '2015-10-13 14:26:28'),
(175, 175, NULL, '50000000', 24, 9, 15, '2083400', '31251000', NULL, '2015-10-13 14:26:28'),
(176, 176, NULL, '25000000', 36, 9, 27, '694500', '18751500', NULL, '2015-10-13 14:26:28'),
(177, 177, NULL, '30000000', 36, 9, 27, '833400', '22501800', NULL, '2015-10-13 14:26:28'),
(178, 178, NULL, '25000000', 36, 8, 28, '694500', '19446000', NULL, '2015-10-13 14:26:28'),
(179, 179, NULL, '50000000', 36, 8, 28, '1388900', '38889200', NULL, '2015-10-13 14:26:28'),
(180, 180, NULL, '40000000', 36, 8, 28, '1111200', '31113600', NULL, '2015-10-13 14:26:28'),
(181, 181, NULL, '35000000', 36, 8, 28, '972300', '27224400', NULL, '2015-10-13 14:26:28'),
(182, 182, NULL, '15000000', 24, 8, 16, '625000', '10000000', NULL, '2015-10-13 14:26:28'),
(183, 183, NULL, '25000000', 36, 8, 28, '694500', '19446000', NULL, '2015-10-13 14:26:28'),
(184, 184, NULL, '10000000', 36, 8, 28, '277800', '7778400', NULL, '2015-10-13 14:26:28'),
(185, 185, NULL, '50000000', 36, 8, 28, '1388900', '38889200', NULL, '2015-10-13 14:26:28'),
(186, 186, NULL, '30000000', 36, 8, 28, '833400', '23335200', NULL, '2015-10-13 14:26:28'),
(187, 187, NULL, '12000000', 24, 8, 16, '500000', '8000000', NULL, '2015-10-13 14:26:28'),
(188, 188, NULL, '15000000', 36, 8, 28, '416700', '11667600', NULL, '2015-10-13 14:26:28'),
(189, 189, NULL, '6000000', 12, 8, 4, '500000', '2000000', NULL, '2015-10-13 14:26:28'),
(190, 190, NULL, '25000000', 36, 8, 28, '694500', '19446000', NULL, '2015-10-13 14:26:28'),
(191, 191, NULL, '15000000', 36, 7, 29, '416700', '12084300', NULL, '2015-10-13 14:26:28'),
(192, 192, NULL, '30000000', 36, 7, 29, '833400', '24168600', NULL, '2015-10-13 14:26:28'),
(193, 193, NULL, '40000000', 30, 7, 23, '1333400', '30668200', NULL, '2015-10-13 14:26:28'),
(194, 194, NULL, '40000000', 36, 7, 29, '1111200', '32224800', NULL, '2015-10-13 14:26:28'),
(195, 195, NULL, '30000000', 36, 7, 29, '833400', '24168600', NULL, '2015-10-13 14:26:28'),
(196, 196, NULL, '10000000', 24, 7, 17, '416700', '7083900', 'Bayar KPN', '2015-10-13 14:26:28'),
(197, 197, NULL, '25000000', 24, 7, 17, '1041700', '17708900', NULL, '2015-10-13 14:26:28'),
(198, 198, NULL, '20000000', 36, 7, 29, '555600', '16112400', NULL, '2015-10-13 14:26:28'),
(199, 199, NULL, '4500000', 12, 7, 5, '375000', '1875000', NULL, '2015-10-13 14:26:28'),
(200, 200, NULL, '25000000', 36, 7, 29, '694500', '20140500', NULL, '2015-10-13 14:26:28'),
(201, 201, NULL, '30000000', 36, 7, 29, '833400', '24168600', NULL, '2015-10-13 14:26:28'),
(202, 202, NULL, '30000000', 36, 7, 29, '833400', '24168600', NULL, '2015-10-13 14:26:28'),
(203, 203, NULL, '30000000', 36, 7, 29, '833400', '24168600', NULL, '2015-10-13 14:26:28'),
(204, 204, NULL, '25000000', 36, 6, 30, '694500', '20835000', NULL, '2015-10-13 14:26:28'),
(205, 205, NULL, '13000000', 24, 6, 18, '541700', '9750600', NULL, '2015-10-13 14:26:28'),
(206, 206, NULL, '15000000', 24, 6, 18, '625000', '11250000', NULL, '2015-10-13 14:26:28'),
(207, 207, NULL, '15000000', 36, 6, 30, '416700', '12501000', NULL, '2015-10-13 14:26:28'),
(208, 208, NULL, '30000000', 24, 6, 18, '1250000', '22500000', NULL, '2015-10-13 14:26:28'),
(209, 209, NULL, '10000000', 24, 6, 18, '416700', '7500600', NULL, '2015-10-13 14:26:28'),
(210, 210, NULL, '15000000', 36, 6, 30, '416700', '12501000', NULL, '2015-10-13 14:26:28'),
(211, 211, NULL, '10000000', 12, 6, 6, '833400', '5000400', NULL, '2015-10-13 14:26:28'),
(212, 212, NULL, '20000000', 36, 6, 30, '555600', '16668000', NULL, '2015-10-13 14:26:28'),
(213, 213, NULL, '15000000', 36, 6, 30, '416700', '12501000', NULL, '2015-10-13 14:26:28'),
(214, 214, NULL, '10000000', 24, 6, 18, '416700', '7500600', NULL, '2015-10-13 14:26:28'),
(215, 215, NULL, '10000000', 36, 6, 30, '277800', '8334000', NULL, '2015-10-13 14:26:28'),
(216, 216, NULL, '6000000', 24, 5, 19, '250000', '4750000', NULL, '2015-10-13 14:26:28'),
(217, 217, NULL, '20000000', 36, 5, 31, '555600', '17223600', NULL, '2015-10-13 14:26:28'),
(218, 218, NULL, '40000000', 36, 5, 31, '1111200', '34447200', NULL, '2015-10-13 14:26:28'),
(219, 219, NULL, '10000000', 12, 5, 7, '833400', '5833800', NULL, '2015-10-13 14:26:28'),
(220, 220, NULL, '50000000', 36, 5, 31, '1388900', '43055900', NULL, '2015-10-13 14:26:28'),
(221, 221, NULL, '15000000', 36, 5, 31, '416700', '12917700', NULL, '2015-10-13 14:26:28'),
(222, 222, NULL, '20000000', 24, 5, 19, '833400', '15834600', NULL, '2015-10-13 14:26:28'),
(223, 223, NULL, '40000000', 36, 5, 31, '1111200', '34447200', NULL, '2015-10-13 14:26:28'),
(224, 224, NULL, '14000000', 36, 5, 31, '388900', '12055900', NULL, '2015-10-13 14:26:28'),
(225, 225, NULL, '30000000', 36, 5, 31, '833400', '25835400', NULL, '2015-10-13 14:26:28'),
(226, 226, NULL, '20000000', 36, 5, 31, '555600', '17223600', NULL, '2015-10-13 14:26:28'),
(227, 227, NULL, '50000000', 36, 5, 31, '1388900', '43055900', NULL, '2015-10-13 14:26:28'),
(228, 228, NULL, '30000000', 36, 4, 32, '833400', '26668800', NULL, '2015-10-13 14:26:28'),
(229, 229, NULL, '15000000', 36, 4, 32, '416700', '13334400', NULL, '2015-10-13 14:26:28'),
(230, 230, NULL, '5000000', 12, 4, 8, '416700', '3333600', NULL, '2015-10-13 14:26:28'),
(231, 231, NULL, '25000000', 24, 4, 20, '1041700', '20834000', NULL, '2015-10-13 14:26:28'),
(232, 232, NULL, '30000000', 24, 4, 20, '1250000', '25000000', NULL, '2015-10-13 14:26:28'),
(233, 233, NULL, '40000000', 36, 4, 32, '1111200', '35558400', NULL, '2015-10-13 14:26:28'),
(234, 234, NULL, '25000000', 36, 4, 32, '694500', '22224000', NULL, '2015-10-13 14:26:28'),
(235, 235, NULL, '10000000', 36, 4, 32, '277800', '8889600', NULL, '2015-10-13 14:26:28'),
(236, 236, NULL, '30000000', 24, 4, 20, '1250000', '25000000', NULL, '2015-10-13 14:26:28'),
(237, 237, NULL, '15000000', 12, 4, 8, '1250000', '10000000', NULL, '2015-10-13 14:26:28'),
(238, 238, NULL, '40000000', 36, 4, 32, '1111200', '35558400', NULL, '2015-10-13 14:26:28'),
(239, 239, NULL, '15000000', 36, 4, 32, '416700', '13334400', NULL, '2015-10-13 14:26:28'),
(240, 240, NULL, '36000000', 36, 3, 33, '1000000', '33000000', NULL, '2015-10-13 14:26:28'),
(241, 241, NULL, '11500000', 24, 3, 21, '479200', '10063200', NULL, '2015-10-13 14:26:28'),
(242, 242, NULL, '37000000', 36, 3, 33, '1027800', '33917400', NULL, '2015-10-13 14:26:28'),
(243, 243, NULL, '30000000', 24, 3, 21, '1250000', '26250000', NULL, '2015-10-13 14:26:28'),
(244, 244, NULL, '22500000', 12, 3, 9, '1875000', '16875000', NULL, '2015-10-13 14:26:28'),
(245, 245, NULL, '30000000', 24, 3, 21, '1250000', '26250000', NULL, '2015-10-13 14:26:28'),
(246, 246, NULL, '37500000', 36, 3, 33, '1041700', '34376100', NULL, '2015-10-13 14:26:28'),
(247, 247, NULL, '15000000', 36, 3, 33, '416700', '13751100', NULL, '2015-10-13 14:26:28'),
(248, 248, NULL, '22500000', 24, 3, 21, '937500', '19687500', NULL, '2015-10-13 14:26:28'),
(249, 249, NULL, '40000000', 36, 3, 33, '1111200', '36669600', NULL, '2015-10-13 14:26:28'),
(250, 250, NULL, '30000000', 36, 3, 33, '833400', '27502200', NULL, '2015-10-13 14:26:28'),
(251, 251, NULL, '19500000', 24, 3, 21, '812500', '17062500', NULL, '2015-10-13 14:26:28'),
(252, 252, NULL, '21000000', 36, 3, 33, '583400', '19252200', NULL, '2015-10-13 14:26:28'),
(253, 253, NULL, '10000000', 24, 2, 22, '416700', '9167400', NULL, '2015-10-13 14:26:28'),
(254, 254, NULL, '50000000', 36, 2, 34, '1388900', '47222600', NULL, '2015-10-13 14:26:28'),
(255, 255, NULL, '40000000', 36, 2, 34, '1111200', '37780800', NULL, '2015-10-13 14:26:28'),
(256, 256, NULL, '30000000', 36, 2, 34, '833400', '28335600', NULL, '2015-10-13 14:26:28'),
(257, 257, NULL, '31000000', 36, 2, 34, '861200', '29280800', NULL, '2015-10-13 14:26:28'),
(258, 258, NULL, '10000000', 36, 2, 34, '277800', '9445200', NULL, '2015-10-13 14:26:28'),
(259, 259, NULL, '20000000', 36, 2, 34, '555600', '18890400', NULL, '2015-10-13 14:26:28'),
(260, 260, NULL, '25000000', 36, 2, 34, '694500', '23613000', NULL, '2015-10-13 14:26:28'),
(261, 261, NULL, '50000000', 36, 2, 34, '1388900', '47222600', NULL, '2015-10-13 14:26:28'),
(262, 262, NULL, '15000000', 36, 2, 34, '416700', '14167800', NULL, '2015-10-13 14:26:28'),
(263, 263, NULL, '30000000', 36, 2, 34, '833400', '28335600', NULL, '2015-10-13 14:26:28'),
(264, 264, NULL, '50000000', 36, 2, 34, '1388900', '47222600', NULL, '2015-10-13 14:26:28');

-- --------------------------------------------------------

--
-- Struktur dari tabel `kop_simpanan`
--

CREATE TABLE IF NOT EXISTS `kop_simpanan` (
  `id_simpanan` int(11) NOT NULL AUTO_INCREMENT,
  `no_anggota` int(11) NOT NULL,
  `spn_pokok` varchar(50) NOT NULL,
  `spn_wajib` varchar(50) NOT NULL,
  `total` varchar(50) NOT NULL,
  `tgl_update` datetime NOT NULL,
  PRIMARY KEY (`id_simpanan`)
) ENGINE=InnoDB  DEFAULT CHARSET=latin1 AUTO_INCREMENT=272 ;

--
-- Dumping data untuk tabel `kop_simpanan`
--

INSERT INTO `kop_simpanan` (`id_simpanan`, `no_anggota`, `spn_pokok`, `spn_wajib`, `total`, `tgl_update`) VALUES
(1, 1, '50000', '840000', '890000', '2015-10-13 14:31:56'),
(2, 2, '50000', '360000', '410000', '2015-10-13 13:56:54'),
(3, 3, '50000', '840000', '890000', '2015-10-13 13:56:54'),
(4, 4, '50000', '1500000', '1550000', '2015-10-13 13:56:54'),
(5, 5, '50000', '1500000', '1550000', '2015-10-13 13:56:54'),
(6, 6, '50000', '1500000', '1550000', '2015-10-13 13:56:54'),
(7, 7, '50000', '1350000', '1400000', '2015-10-13 13:56:54'),
(8, 8, '50000', '1350000', '1400000', '2015-10-13 13:56:54'),
(9, 9, '50000', '1350000', '1400000', '2015-10-13 13:56:54'),
(10, 10, '50000', '1350000', '1400000', '2015-10-13 13:56:54'),
(11, 11, '50000', '1350000', '1400000', '2015-10-13 13:56:54'),
(12, 12, '50000', '1350000', '1400000', '2015-10-13 13:56:54'),
(13, 13, '50000', '1350000', '1400000', '2015-10-13 13:56:54'),
(14, 14, '50000', '1350000', '1400000', '2015-10-13 13:56:54'),
(15, 15, '50000', '1350000', '1400000', '2015-10-13 13:56:54'),
(16, 16, '50000', '1350000', '1400000', '2015-10-13 13:56:54'),
(17, 17, '50000', '960000', '1010000', '2015-10-13 13:56:54'),
(18, 18, '50000', '360000', '410000', '2015-10-13 13:56:54'),
(19, 19, '50000', '1500000', '1550000', '2015-10-13 13:56:54'),
(20, 20, '50000', '1500000', '1550000', '2015-10-13 13:56:54'),
(21, 21, '50000', '1500000', '1550000', '2015-10-13 13:56:54'),
(22, 22, '50000', '1350000', '1400000', '2015-10-13 13:56:54'),
(23, 23, '50000', '1350000', '1400000', '2015-10-13 13:56:54'),
(24, 24, '50000', '1350000', '1400000', '2015-10-13 13:56:54'),
(25, 25, '50000', '1350000', '1400000', '2015-10-13 13:56:54'),
(26, 26, '50000', '1500000', '1550000', '2015-10-13 13:56:54'),
(27, 27, '50000', '1500000', '1550000', '2015-10-13 13:56:54'),
(28, 28, '50000', '1500000', '1550000', '2015-10-13 13:56:54'),
(29, 29, '50000', '1350000', '1400000', '2015-10-13 13:56:54'),
(30, 30, '50000', '1500000', '1550000', '2015-10-13 13:56:54'),
(31, 31, '50000', '1350000', '1400000', '2015-10-13 13:56:54'),
(32, 32, '50000', '1500000', '1550000', '2015-10-13 13:56:54'),
(33, 33, '50000', '1500000', '1550000', '2015-10-13 13:56:54'),
(34, 34, '50000', '1500000', '1550000', '2015-10-13 13:56:54'),
(35, 35, '50000', '1350000', '1400000', '2015-10-13 13:56:54'),
(36, 36, '50000', '1350000', '1400000', '2015-10-13 13:56:54'),
(37, 37, '50000', '1350000', '1400000', '2015-10-13 13:56:54'),
(38, 38, '50000', '1350000', '1400000', '2015-10-13 13:56:54'),
(39, 39, '50000', '960000', '1010000', '2015-10-13 13:56:54'),
(40, 40, '50000', '960000', '1010000', '2015-10-13 13:56:54'),
(41, 41, '50000', '1350000', '1400000', '2015-10-13 13:56:54'),
(42, 42, '50000', '960000', '1010000', '2015-10-13 13:56:54'),
(43, 43, '50000', '960000', '1010000', '2015-10-13 13:56:54'),
(44, 44, '50000', '1390000', '1440000', '2015-10-13 13:56:54'),
(45, 45, '50000', '1350000', '1400000', '2015-10-13 13:56:54'),
(46, 46, '50000', '840000', '890000', '2015-10-13 13:56:54'),
(47, 47, '50000', '600000', '650000', '2015-10-13 13:56:54'),
(48, 48, '50000', '600000', '650000', '2015-10-13 13:56:54'),
(49, 49, '50000', '360000', '410000', '2015-10-13 13:56:54'),
(50, 50, '50000', '240000', '290000', '2015-10-13 13:56:54'),
(51, 51, '50000', '360000', '410000', '2015-10-13 13:56:54'),
(52, 52, '50000', '1500000', '1550000', '2015-10-13 13:56:54'),
(53, 53, '50000', '1500000', '1550000', '2015-10-13 13:56:54'),
(54, 54, '50000', '1350000', '1400000', '2015-10-13 13:56:54'),
(55, 55, '50000', '1350000', '1400000', '2015-10-13 13:56:54'),
(56, 56, '50000', '1500000', '1550000', '2015-10-13 13:56:54'),
(57, 57, '50000', '1500000', '1550000', '2015-10-13 13:56:54'),
(58, 58, '50000', '1500000', '1550000', '2015-10-13 13:56:54'),
(59, 59, '50000', '1350000', '1400000', '2015-10-13 13:56:54'),
(60, 60, '50000', '1350000', '1400000', '2015-10-13 13:56:54'),
(61, 61, '50000', '1350000', '1400000', '2015-10-13 13:56:54'),
(62, 62, '50000', '1350000', '1400000', '2015-10-13 13:56:54'),
(63, 63, '50000', '1350000', '1400000', '2015-10-13 13:56:54'),
(64, 64, '50000', '1500000', '1550000', '2015-10-13 13:56:54'),
(65, 65, '50000', '1200000', '1250000', '2015-10-13 13:56:54'),
(66, 66, '50000', '1200000', '1250000', '2015-10-13 13:56:54'),
(67, 67, '50000', '1200000', '1250000', '2015-10-13 13:56:54'),
(68, 68, '50000', '1080000', '1130000', '2015-10-13 13:56:54'),
(69, 69, '50000', '960000', '1010000', '2015-10-13 13:56:54'),
(70, 70, '50000', '960000', '1010000', '2015-10-13 13:56:54'),
(71, 71, '50000', '1350000', '1400000', '2015-10-13 13:56:54'),
(72, 72, '50000', '1500000', '1550000', '2015-10-13 13:56:54'),
(73, 73, '50000', '1500000', '1550000', '2015-10-13 13:56:54'),
(74, 74, '50000', '1500000', '1550000', '2015-10-13 13:56:54'),
(75, 75, '50000', '1500000', '1550000', '2015-10-13 13:56:54'),
(76, 76, '50000', '1500000', '1550000', '2015-10-13 13:56:54'),
(77, 77, '50000', '1500000', '1550000', '2015-10-13 13:56:54'),
(78, 78, '50000', '1500000', '1550000', '2015-10-13 13:56:54'),
(79, 79, '50000', '1500000', '1550000', '2015-10-13 13:56:54'),
(80, 80, '50000', '1500000', '1550000', '2015-10-13 13:56:54'),
(81, 81, '50000', '1500000', '1550000', '2015-10-13 13:56:54'),
(82, 82, '50000', '1500000', '1550000', '2015-10-13 13:56:54'),
(83, 83, '50000', '1500000', '1550000', '2015-10-13 13:56:54'),
(84, 84, '50000', '1500000', '1550000', '2015-10-13 13:56:54'),
(85, 85, '50000', '1500000', '1550000', '2015-10-13 13:56:54'),
(86, 86, '50000', '1500000', '1550000', '2015-10-13 13:56:54'),
(87, 87, '50000', '1500000', '1550000', '2015-10-13 13:56:54'),
(88, 88, '50000', '1350000', '1400000', '2015-10-13 13:56:54'),
(89, 89, '50000', '1350000', '1400000', '2015-10-13 13:56:54'),
(90, 90, '50000', '1500000', '1550000', '2015-10-13 13:56:54'),
(91, 91, '50000', '960000', '1010000', '2015-10-13 13:56:54'),
(92, 92, '50000', '1500000', '1550000', '2015-10-13 13:56:54'),
(93, 93, '50000', '960000', '1010000', '2015-10-13 13:56:54'),
(94, 94, '50000', '960000', '1010000', '2015-10-13 13:56:54'),
(95, 95, '50000', '960000', '1010000', '2015-10-13 13:56:54'),
(96, 96, '50000', '840000', '890000', '2015-10-13 13:56:54'),
(97, 97, '50000', '1500000', '1550000', '2015-10-13 13:56:54'),
(98, 98, '50000', '960000', '1010000', '2015-10-13 13:56:54'),
(99, 99, '50000', '1500000', '1550000', '2015-10-13 13:56:54'),
(100, 100, '50000', '1500000', '1550000', '2015-10-13 13:56:54'),
(101, 101, '50000', '1500000', '1550000', '2015-10-13 13:56:54'),
(102, 102, '50000', '1350000', '1400000', '2015-10-13 13:56:54'),
(103, 103, '50000', '1500000', '1550000', '2015-10-13 13:56:54'),
(104, 104, '50000', '1500000', '1550000', '2015-10-13 13:56:54'),
(105, 105, '50000', '1500000', '1550000', '2015-10-13 13:56:54'),
(106, 106, '50000', '1350000', '1400000', '2015-10-13 13:56:54'),
(107, 107, '50000', '1500000', '1550000', '2015-10-13 13:56:54'),
(108, 108, '50000', '1500000', '1550000', '2015-10-13 13:56:54'),
(109, 109, '50000', '600000', '650000', '2015-10-13 13:56:54'),
(110, 110, '50000', '720000', '770000', '2015-10-13 13:56:54'),
(111, 111, '50000', '840000', '890000', '2015-10-13 13:56:54'),
(112, 112, '50000', '1500000', '1550000', '2015-10-13 13:56:54'),
(113, 113, '50000', '1500000', '1550000', '2015-10-13 13:56:54'),
(114, 114, '50000', '1350000', '1400000', '2015-10-13 13:56:54'),
(115, 115, '50000', '1500000', '1550000', '2015-10-13 13:56:54'),
(116, 116, '50000', '1500000', '1550000', '2015-10-13 13:56:54'),
(117, 117, '50000', '1500000', '1550000', '2015-10-13 13:56:54'),
(118, 118, '50000', '1500000', '1550000', '2015-10-13 13:56:54'),
(119, 119, '50000', '1350000', '1400000', '2015-10-13 13:56:54'),
(120, 120, '50000', '1500000', '1550000', '2015-10-13 13:56:54'),
(121, 121, '50000', '1500000', '1550000', '2015-10-13 13:56:54'),
(122, 122, '50000', '1500000', '1550000', '2015-10-13 13:56:54'),
(123, 123, '50000', '1500000', '1550000', '2015-10-13 13:56:54'),
(124, 124, '50000', '1500000', '1550000', '2015-10-13 13:56:54'),
(125, 125, '50000', '1350000', '1400000', '2015-10-13 13:56:54'),
(126, 126, '50000', '1350000', '1400000', '2015-10-13 13:56:54'),
(127, 127, '50000', '1350000', '1400000', '2015-10-13 13:56:54'),
(128, 128, '50000', '1350000', '1400000', '2015-10-13 13:56:54'),
(129, 129, '50000', '1350000', '1400000', '2015-10-13 13:56:54'),
(130, 130, '50000', '1350000', '1400000', '2015-10-13 13:56:54'),
(131, 131, '50000', '1350000', '1400000', '2015-10-13 13:56:54'),
(132, 132, '50000', '1350000', '1400000', '2015-10-13 13:56:54'),
(133, 133, '50000', '1350000', '1400000', '2015-10-13 13:56:54'),
(134, 134, '50000', '1200000', '1250000', '2015-10-13 13:56:54'),
(135, 135, '50000', '1080000', '1130000', '2015-10-13 13:56:54'),
(136, 136, '50000', '960000', '1010000', '2015-10-13 13:56:54'),
(137, 137, '50000', '1350000', '1400000', '2015-10-13 13:56:54'),
(138, 138, '50000', '960000', '1010000', '2015-10-13 13:56:54'),
(139, 139, '50000', '240000', '290000', '2015-10-13 13:56:54'),
(140, 140, '50000', '1350000', '1400000', '2015-10-13 13:56:54'),
(141, 141, '50000', '960000', '1010000', '2015-10-13 13:56:54'),
(142, 142, '50000', '1350000', '1400000', '2015-10-13 13:56:54'),
(143, 143, '50000', '1350000', '1400000', '2015-10-13 13:56:54'),
(144, 144, '50000', '1350000', '1400000', '2015-10-13 13:56:54'),
(145, 145, '50000', '1350000', '1400000', '2015-10-13 13:56:54'),
(146, 146, '50000', '1350000', '1400000', '2015-10-13 13:56:54'),
(147, 147, '50000', '1350000', '1400000', '2015-10-13 13:56:54'),
(148, 148, '50000', '1350000', '1400000', '2015-10-13 13:56:54'),
(149, 149, '50000', '1500000', '1550000', '2015-10-13 13:56:54'),
(150, 150, '50000', '1350000', '1400000', '2015-10-13 13:56:54'),
(151, 151, '50000', '1350000', '1400000', '2015-10-13 13:56:54'),
(152, 152, '50000', '1350000', '1400000', '2015-10-13 13:56:54'),
(153, 153, '50000', '960000', '1010000', '2015-10-13 13:56:54'),
(154, 154, '50000', '960000', '1010000', '2015-10-13 13:56:54'),
(155, 155, '50000', '1200000', '1250000', '2015-10-13 13:56:54'),
(156, 156, '50000', '1350000', '1400000', '2015-10-13 13:56:54'),
(157, 157, '50000', '1350000', '1400000', '2015-10-13 13:56:54'),
(158, 158, '50000', '1350000', '1400000', '2015-10-13 13:56:54'),
(159, 159, '50000', '1350000', '1400000', '2015-10-13 13:56:54'),
(160, 160, '50000', '1350000', '1400000', '2015-10-13 13:56:54'),
(161, 161, '50000', '1350000', '1400000', '2015-10-13 13:56:54'),
(162, 162, '50000', '1350000', '1400000', '2015-10-13 13:56:54'),
(163, 163, '50000', '1350000', '1400000', '2015-10-13 13:56:54'),
(164, 164, '50000', '1500000', '1550000', '2015-10-13 13:56:54'),
(165, 165, '50000', '1500000', '1550000', '2015-10-13 13:56:54'),
(166, 166, '50000', '1500000', '1550000', '2015-10-13 13:56:54'),
(167, 167, '50000', '1350000', '1400000', '2015-10-13 13:56:54'),
(168, 168, '50000', '960000', '1010000', '2015-10-13 13:56:54'),
(169, 169, '50000', '960000', '1010000', '2015-10-13 13:56:54'),
(170, 170, '50000', '960000', '1010000', '2015-10-13 13:56:54'),
(171, 171, '50000', '720000', '770000', '2015-10-13 13:56:54'),
(172, 172, '50000', '1350000', '1400000', '2015-10-13 13:56:54'),
(173, 173, '50000', '240000', '290000', '2015-10-13 13:56:54'),
(174, 174, '50000', '1500000', '1550000', '2015-10-13 13:56:54'),
(175, 175, '50000', '960000', '1010000', '2015-10-13 13:56:54'),
(176, 176, '50000', '960000', '1010000', '2015-10-13 13:56:54'),
(177, 177, '50000', '960000', '1010000', '2015-10-13 13:56:54'),
(178, 178, '50000', '1350000', '1400000', '2015-10-13 13:56:54'),
(179, 179, '50000', '960000', '1010000', '2015-10-13 13:56:54'),
(180, 180, '50000', '1350000', '1400000', '2015-10-13 13:56:54'),
(181, 181, '50000', '1350000', '1400000', '2015-10-13 13:56:54'),
(182, 182, '50000', '1350000', '1400000', '2015-10-13 13:56:54'),
(183, 183, '50000', '1500000', '1550000', '2015-10-13 13:56:54'),
(184, 184, '50000', '1500000', '1550000', '2015-10-13 13:56:54'),
(185, 185, '50000', '1350000', '1400000', '2015-10-13 13:56:54'),
(186, 186, '50000', '1350000', '1400000', '2015-10-13 13:56:54'),
(187, 187, '50000', '1200000', '1250000', '2015-10-13 13:56:54'),
(188, 188, '50000', '1200000', '1250000', '2015-10-13 13:56:54'),
(189, 189, '50000', '1200000', '1250000', '2015-10-13 13:56:54'),
(190, 190, '50000', '1500000', '1550000', '2015-10-13 13:56:54'),
(191, 191, '50000', '1350000', '1400000', '2015-10-13 13:56:54'),
(192, 192, '50000', '960000', '1010000', '2015-10-13 13:56:54'),
(193, 193, '50000', '960000', '1010000', '2015-10-13 13:56:54'),
(194, 194, '50000', '960000', '1010000', '2015-10-13 13:56:54'),
(195, 195, '50000', '840000', '890000', '2015-10-13 13:56:54'),
(196, 196, '50000', '720000', '770000', '2015-10-13 13:56:54'),
(197, 197, '50000', '1200000', '1250000', '2015-10-13 13:56:54'),
(198, 198, '50000', '960000', '1010000', '2015-10-13 13:56:54'),
(199, 199, '50000', '360000', '410000', '2015-10-13 13:56:54'),
(200, 200, '50000', '360000', '410000', '2015-10-13 13:56:54'),
(201, 201, '50000', '1500000', '1550000', '2015-10-13 13:56:54'),
(202, 202, '50000', '1500000', '1550000', '2015-10-13 13:56:54'),
(203, 203, '50000', '1500000', '1550000', '2015-10-13 13:56:54'),
(204, 204, '50000', '1500000', '1550000', '2015-10-13 13:56:54'),
(205, 205, '50000', '1350000', '1400000', '2015-10-13 13:56:54'),
(206, 206, '50000', '1500000', '1550000', '2015-10-13 13:56:54'),
(207, 207, '50000', '1500000', '1550000', '2015-10-13 13:56:54'),
(208, 208, '50000', '1500000', '1550000', '2015-10-13 13:56:54'),
(209, 209, '50000', '1500000', '1550000', '2015-10-13 13:56:54'),
(210, 210, '50000', '1500000', '1550000', '2015-10-13 13:56:54'),
(211, 211, '50000', '1350000', '1400000', '2015-10-13 13:56:54'),
(212, 212, '50000', '1350000', '1400000', '2015-10-13 13:56:54'),
(213, 213, '50000', '1200000', '1250000', '2015-10-13 13:56:54'),
(214, 214, '50000', '960000', '1010000', '2015-10-13 13:56:54'),
(215, 215, '50000', '960000', '1010000', '2015-10-13 13:56:54'),
(216, 216, '50000', '1390000', '1440000', '2015-10-13 13:56:54'),
(217, 217, '50000', '1500000', '1550000', '2015-10-13 13:56:54'),
(218, 218, '50000', '600000', '650000', '2015-10-13 13:56:54'),
(219, 219, '50000', '480000', '530000', '2015-10-13 13:56:54'),
(220, 220, '50000', '600000', '650000', '2015-10-13 13:56:54'),
(221, 221, '50000', '1350000', '1400000', '2015-10-13 13:56:54'),
(222, 222, '50000', '1350000', '1400000', '2015-10-13 13:56:54'),
(223, 223, '50000', '1350000', '1400000', '2015-10-13 13:56:54'),
(224, 224, '50000', '960000', '1010000', '2015-10-13 13:56:54'),
(225, 225, '50000', '960000', '1010000', '2015-10-13 13:56:54'),
(226, 226, '50000', '840000', '890000', '2015-10-13 13:56:54'),
(227, 227, '50000', '1350000', '1400000', '2015-10-13 13:56:54'),
(228, 228, '50000', '1350000', '1400000', '2015-10-13 13:56:54'),
(229, 229, '50000', '840000', '890000', '2015-10-13 13:56:54'),
(230, 230, '50000', '960000', '1010000', '2015-10-13 13:56:54'),
(231, 231, '50000', '1500000', '1550000', '2015-10-13 13:56:54'),
(232, 232, '50000', '1500000', '1550000', '2015-10-13 13:56:54'),
(233, 233, '50000', '1500000', '1550000', '2015-10-13 13:56:54'),
(234, 234, '50000', '1500000', '1550000', '2015-10-13 13:56:54'),
(235, 235, '50000', '1500000', '1550000', '2015-10-13 13:56:54'),
(236, 236, '50000', '1350000', '1400000', '2015-10-13 13:56:54'),
(237, 237, '50000', '1350000', '1400000', '2015-10-13 13:56:54'),
(238, 238, '50000', '1350000', '1400000', '2015-10-13 13:56:54'),
(239, 239, '50000', '1200000', '1250000', '2015-10-13 13:56:54'),
(240, 240, '50000', '1200000', '1250000', '2015-10-13 13:56:54'),
(241, 241, '50000', '1200000', '1250000', '2015-10-13 13:56:54'),
(242, 242, '50000', '1200000', '1250000', '2015-10-13 13:56:54'),
(243, 243, '50000', '1080000', '1130000', '2015-10-13 13:56:54'),
(244, 244, '50000', '960000', '1010000', '2015-10-13 13:56:54'),
(245, 245, '50000', '960000', '1010000', '2015-10-13 13:56:54'),
(246, 246, '50000', '960000', '1010000', '2015-10-13 13:56:54'),
(247, 247, '50000', '1350000', '1400000', '2015-10-13 13:56:54'),
(248, 248, '50000', '1350000', '1400000', '2015-10-13 13:56:54'),
(249, 249, '50000', '1350000', '1400000', '2015-10-13 13:56:54'),
(250, 250, '50000', '1200000', '1250000', '2015-10-13 13:56:54'),
(251, 251, '50000', '1350000', '1400000', '2015-10-13 13:56:54'),
(252, 252, '50000', '600000', '650000', '2015-10-13 13:56:54'),
(253, 253, '50000', '480000', '530000', '2015-10-13 13:56:54'),
(254, 254, '50000', '360000', '410000', '2015-10-13 13:56:54'),
(255, 255, '50000', '480000', '530000', '2015-10-13 13:56:54'),
(256, 256, '50000', '480000', '530000', '2015-10-13 13:56:54'),
(257, 257, '50000', '840000', '890000', '2015-10-13 13:56:54'),
(258, 258, '50000', '840000', '890000', '2015-10-13 13:56:54'),
(259, 259, '50000', '1200000', '1250000', '2015-10-13 13:56:54'),
(260, 260, '50000', '360000', '410000', '2015-10-13 13:56:54'),
(261, 261, '50000', '360000', '410000', '2015-10-13 13:56:54'),
(262, 262, '50000', '360000', '410000', '2015-10-13 13:56:54'),
(263, 263, '50000', '1500000', '1550000', '2015-10-13 13:56:54'),
(264, 264, '50000', '1500000', '1550000', '2015-10-13 13:56:54'),
(265, 265, '50000', '1500000', '1550000', '2015-10-13 13:56:54'),
(266, 266, '50000', '1500000', '1550000', '2015-10-13 13:56:54'),
(267, 267, '50000', '960000', '1010000', '2015-10-13 13:56:54'),
(268, 268, '50000', '1390000', '1440000', '2015-10-13 13:56:54'),
(269, 269, '50000', '1350000', '1400000', '2015-10-13 13:56:54'),
(270, 270, '50000', '1350000', '1400000', '2015-10-13 13:56:54'),
(271, 271, '50000', '1500000', '1550000', '2015-10-13 13:56:54');

-- --------------------------------------------------------

--
-- Struktur dari tabel `label`
--

CREATE TABLE IF NOT EXISTS `label` (
  `kode_label` int(5) NOT NULL AUTO_INCREMENT,
  `judul_label` varchar(30) DEFAULT NULL,
  PRIMARY KEY (`kode_label`)
) ENGINE=InnoDB DEFAULT CHARSET=latin1 AUTO_INCREMENT=1 ;

--
-- Dumping data untuk tabel `label`
--


-- --------------------------------------------------------

--
-- Struktur dari tabel `setting`
--

CREATE TABLE IF NOT EXISTS `setting` (
  `kode_blog` int(4) NOT NULL AUTO_INCREMENT,
  `judul_blog` text,
  `deskripsi_blog` text,
  `limit_content` int(3) DEFAULT NULL,
  `facebook` varchar(100) DEFAULT NULL,
  `facebook_fans_page` varchar(100) DEFAULT NULL,
  `twitter` varchar(100) DEFAULT NULL,
  `g_plus` varchar(100) DEFAULT NULL,
  `email` varchar(100) DEFAULT NULL,
  `information` text,
  PRIMARY KEY (`kode_blog`)
) ENGINE=InnoDB  DEFAULT CHARSET=latin1 AUTO_INCREMENT=2 ;

--
-- Dumping data untuk tabel `setting`
--

INSERT INTO `setting` (`kode_blog`, `judul_blog`, `deskripsi_blog`, `limit_content`, `facebook`, `facebook_fans_page`, `twitter`, `g_plus`, `email`, `information`) VALUES
(1, 'Koperasi Pegawai Negeri Institut Teknlogi Sepuluh Nopember (ITS)', 'Ini adalah website Koperasi milik Institut Teknlogi Sepuluh Nopember (ITS)', 2, '', '', '', '', 'koperasi@its.ac.id', '');

-- --------------------------------------------------------

--
-- Struktur dari tabel `userapp`
--

CREATE TABLE IF NOT EXISTS `userapp` (
  `kode_user` int(5) NOT NULL AUTO_INCREMENT,
  `username` varchar(200) DEFAULT NULL,
  `password` varchar(200) DEFAULT NULL,
  `nama_lengkap` varchar(200) DEFAULT NULL,
  `facebook` varchar(200) DEFAULT NULL,
  `twitter` varchar(200) DEFAULT NULL,
  `g_plus` varchar(200) DEFAULT NULL,
  `about` text,
  PRIMARY KEY (`kode_user`)
) ENGINE=InnoDB  DEFAULT CHARSET=latin1 AUTO_INCREMENT=3 ;

--
-- Dumping data untuk tabel `userapp`
--

INSERT INTO `userapp` (`kode_user`, `username`, `password`, `nama_lengkap`, `facebook`, `twitter`, `g_plus`, `about`) VALUES
(1, 'admin', '21232f297a57a5a743894a0e4a801fc3', 'Rizki Rinaldi', '', '', '', ''),
(2, 'koperasi', '4b2770de9b8e1d12df1be94c096cfc29', 'Admin Koperasi', '', '', '', NULL);

-- --------------------------------------------------------

--
-- Struktur dari tabel `user_pwd`
--

CREATE TABLE IF NOT EXISTS `user_pwd` (
  `name` char(30) COLLATE latin1_general_ci NOT NULL DEFAULT '',
  `pass` char(32) COLLATE latin1_general_ci NOT NULL DEFAULT '',
  PRIMARY KEY (`name`)
) ENGINE=MyISAM DEFAULT CHARSET=latin1 COLLATE=latin1_general_ci;

--
-- Dumping data untuk tabel `user_pwd`
--

INSERT INTO `user_pwd` (`name`, `pass`) VALUES
('xampp', 'wampp');

-- --------------------------------------------------------

--
-- Struktur dari tabel `visitor`
--

CREATE TABLE IF NOT EXISTS `visitor` (
  `no` int(7) NOT NULL AUTO_INCREMENT,
  `ip` varchar(40) DEFAULT NULL,
  `os` varchar(40) DEFAULT NULL,
  `browser` varchar(40) DEFAULT NULL,
  `tanggal` datetime DEFAULT NULL,
  PRIMARY KEY (`no`)
) ENGINE=InnoDB  DEFAULT CHARSET=latin1 AUTO_INCREMENT=18 ;

--
-- Dumping data untuk tabel `visitor`
--

INSERT INTO `visitor` (`no`, `ip`, `os`, `browser`, `tanggal`) VALUES
(1, '::1', 'Unknown Windows OS', 'Firefox 40.0', '2015-09-22 19:23:33'),
(2, '::1', 'Windows 7', 'Firefox 40.0', '2015-09-23 03:04:41'),
(3, '::1', 'Windows 7', 'Firefox 40.0', '2015-09-23 15:31:25'),
(4, '::1', 'Windows 7', 'Firefox 40.0', '2015-10-01 08:44:44'),
(5, '::1', 'Windows 7', 'Firefox 40.0', '2015-10-02 04:29:51'),
(6, '::1', 'Windows 7', 'Firefox 40.0', '2015-10-02 17:23:27'),
(7, '::1', 'Windows 7', 'Firefox 40.0', '2015-10-03 09:58:18'),
(8, '::1', 'Windows 7', 'Firefox 40.0', '2015-10-05 05:43:53'),
(9, '::1', 'Windows 7', 'Firefox 40.0', '2015-10-06 04:45:00'),
(10, '::1', 'Windows 7', 'Chrome 38.0.2125.101', '2015-10-08 05:50:27'),
(11, '::1', 'Windows 7', 'Chrome 38.0.2125.101', '2015-10-09 08:01:00'),
(12, '::1', 'Windows 7', 'Chrome 38.0.2125.101', '2015-10-09 09:56:38'),
(13, '::1', 'Windows 8.1', 'Firefox 41.0', '2015-10-09 12:07:05'),
(14, '::1', 'Windows 8', 'Firefox 39.0', '2015-10-13 13:26:07'),
(15, '::1', 'Windows 7', 'Firefox 41.0', '2015-10-18 08:30:18'),
(16, '::1', 'Windows 7', 'Chrome 46.0.2490.71', '2015-10-18 09:12:07'),
(17, '::1', 'Windows 7', 'Chrome 46.0.2490.71', '2015-10-19 20:33:36');

--
-- Ketidakleluasaan untuk tabel pelimpahan (Dumped Tables)
--

--
-- Ketidakleluasaan untuk tabel `content_label`
--
ALTER TABLE `content_label`
  ADD CONSTRAINT `content_label_ibfk_1` FOREIGN KEY (`kode_content`) REFERENCES `content` (`kode_content`),
  ADD CONSTRAINT `content_label_ibfk_2` FOREIGN KEY (`kode_label`) REFERENCES `label` (`kode_label`);

--
-- Ketidakleluasaan untuk tabel `komentar`
--
ALTER TABLE `komentar`
  ADD CONSTRAINT `komentar_ibfk_1` FOREIGN KEY (`kode_content`) REFERENCES `content` (`kode_content`);

/*!40101 SET CHARACTER_SET_CLIENT=@OLD_CHARACTER_SET_CLIENT */;
/*!40101 SET CHARACTER_SET_RESULTS=@OLD_CHARACTER_SET_RESULTS */;
/*!40101 SET COLLATION_CONNECTION=@OLD_COLLATION_CONNECTION */;
